#
# There is insufficient memory for the Java Runtime Environment to continue.
# Native memory allocation (mmap) failed to map 346030080 bytes for G1 virtual space
# Possible reasons:
#   The system is out of physical RAM or swap space
#   The process is running with CompressedOops enabled, and the Java Heap may be blocking the growth of the native heap
# Possible solutions:
#   Reduce memory load on the system
#   Increase physical memory or swap space
#   Check if swap backing store is full
#   Decrease Java heap size (-Xmx/-Xms)
#   Decrease number of Java threads
#   Decrease Java thread stack sizes (-Xss)
#   Set larger code cache with -XX:ReservedCodeCacheSize=
#   JVM is running with Unscaled Compressed Oops mode in which the Java heap is
#     placed in the first 4GB address space. The Java Heap base address is the
#     maximum limit for the native heap growth. Please use -XX:HeapBaseMinAddress
#     to set the Java Heap base and to place the Java Heap above 4GB virtual address.
# This output file may be truncated or incomplete.
#
#  Out of Memory Error (os_windows.cpp:3769), pid=27816, tid=2692
#
# JRE version: OpenJDK Runtime Environment (17.0.6) (build 17.0.6+0-b2043.56-10027231)
# Java VM: OpenJDK 64-Bit Server VM (17.0.6+0-b2043.56-10027231, mixed mode, tiered, compressed oops, compressed class ptrs, g1 gc, windows-amd64)
# No core dump will be written. Minidumps are not enabled by default on client versions of Windows
#

---------------  S U M M A R Y ------------

Command Line: --add-opens=java.base/java.util=ALL-UNNAMED --add-opens=java.base/java.lang=ALL-UNNAMED --add-opens=java.base/java.lang.invoke=ALL-UNNAMED --add-opens=java.prefs/java.util.prefs=ALL-UNNAMED --add-opens=java.base/java.nio.charset=ALL-UNNAMED --add-opens=java.base/java.net=ALL-UNNAMED --add-opens=java.base/java.util.concurrent.atomic=ALL-UNNAMED -Xmx2048m -Dfile.encoding=UTF-8 -Duser.country=ES -Duser.language=es -Duser.variant -javaagent:C:\Users\Jhon\.gradle\wrapper\dists\gradle-8.4-all\56r6xik2f6skrm47et0ibifug\gradle-8.4\lib\agents\gradle-instrumentation-agent-8.4.jar org.gradle.launcher.daemon.bootstrap.GradleDaemon 8.4

Host: Intel(R) Core(TM) i5-10400 CPU @ 2.90GHz, 12 cores, 15G,  Windows 10 , 64 bit Build 19041 (10.0.19041.5915)
Time: Wed Jun 10 18:29:31 2026 Hora de verano GMT elapsed time: 1078.235152 seconds (0d 0h 17m 58s)

---------------  T H R E A D  ---------------

Current thread (0x00000222b6c57a10):  VMThread "VM Thread" [stack: 0x0000004fcdf00000,0x0000004fce000000] [id=2692]

Stack: [0x0000004fcdf00000,0x0000004fce000000]
Native frames: (J=compiled Java code, j=interpreted, Vv=VM code, C=native code)
V  [jvm.dll+0x683c9a]
V  [jvm.dll+0x8427a4]
V  [jvm.dll+0x843f9e]
V  [jvm.dll+0x844603]
V  [jvm.dll+0x249b75]
V  [jvm.dll+0x680b69]
V  [jvm.dll+0x67505a]
V  [jvm.dll+0x309acb]
V  [jvm.dll+0x310f86]
V  [jvm.dll+0x3608ee]
V  [jvm.dll+0x360b1f]
V  [jvm.dll+0x2dfbf8]
V  [jvm.dll+0x2ddec4]
V  [jvm.dll+0x2dd4cc]
V  [jvm.dll+0x321f3b]
V  [jvm.dll+0x848ccb]
V  [jvm.dll+0x849a04]
V  [jvm.dll+0x849f1d]
V  [jvm.dll+0x84a2f4]
V  [jvm.dll+0x84a3c0]
V  [jvm.dll+0x7f274a]
V  [jvm.dll+0x682ad5]
C  [ucrtbase.dll+0x21bb2]
C  [KERNEL32.DLL+0x17374]
C  [ntdll.dll+0x4cc91]

VM_Operation (0x0000004fcf6f8730): G1CollectForAllocation, mode: safepoint, requested by thread 0x00000222bec200d0


---------------  P R O C E S S  ---------------

Threads class SMR info:
_java_thread_list=0x00000222c1231870, length=63, elements={
0x0000022299f04c50, 0x00000222b6c5b540, 0x00000222b6c5c2c0, 0x00000222b6ca13b0,
0x00000222b6ca3c80, 0x00000222b6ca4540, 0x00000222b6ca4e00, 0x00000222b6ca5aa0,
0x00000222b6ca8460, 0x00000222b6ca8d60, 0x00000222b6d1e710, 0x00000222b6f181c0,
0x00000222b96f5490, 0x00000222b872e680, 0x00000222b817bc30, 0x00000222b85b4160,
0x00000222b85b37c0, 0x00000222b85b4630, 0x00000222b85b4fd0, 0x00000222b85b3c90,
0x00000222b85b2950, 0x00000222b9942740, 0x00000222b99430e0, 0x00000222b993fbf0,
0x00000222b993ed80, 0x00000222b993df10, 0x00000222b993f250, 0x00000222b9943a80,
0x00000222b993c230, 0x00000222b993d0a0, 0x00000222b9941400, 0x00000222bc042c40,
0x00000222bc040a90, 0x00000222bc0400f0, 0x00000222bc046fa0, 0x00000222bc042770,
0x00000222c0bd8bf0, 0x00000222b6d98820, 0x00000222c0bd90c0, 0x00000222c0bd9f30,
0x00000222b94ba3d0, 0x00000222bec200d0, 0x00000222c30113f0, 0x00000222c53c9030,
0x00000222c53cc520, 0x00000222c53c99d0, 0x00000222c53cb1e0, 0x00000222c0bd8250,
0x00000222b6d9a500, 0x00000222b6d98cf0, 0x00000222beaf3e50, 0x00000222ba65fa80,
0x00000222ba65ff50, 0x00000222c3010a50, 0x00000222c3010580, 0x00000222c3010f20,
0x00000222c30118c0, 0x00000222c30100b0, 0x00000222c323aca0, 0x00000222c3239490,
0x00000222c323b640, 0x00000222bf2a2aa0, 0x00000222c3239e30
}

Java Threads: ( => current thread )
  0x0000022299f04c50 JavaThread "main" [_thread_blocked, id=21408, stack(0x0000004fcd900000,0x0000004fcda00000)]
  0x00000222b6c5b540 JavaThread "Reference Handler" daemon [_thread_blocked, id=21292, stack(0x0000004fce000000,0x0000004fce100000)]
  0x00000222b6c5c2c0 JavaThread "Finalizer" daemon [_thread_blocked, id=30284, stack(0x0000004fce100000,0x0000004fce200000)]
  0x00000222b6ca13b0 JavaThread "Signal Dispatcher" daemon [_thread_blocked, id=28964, stack(0x0000004fce200000,0x0000004fce300000)]
  0x00000222b6ca3c80 JavaThread "Attach Listener" daemon [_thread_blocked, id=9592, stack(0x0000004fce300000,0x0000004fce400000)]
  0x00000222b6ca4540 JavaThread "Service Thread" daemon [_thread_blocked, id=23844, stack(0x0000004fce400000,0x0000004fce500000)]
  0x00000222b6ca4e00 JavaThread "Monitor Deflation Thread" daemon [_thread_blocked, id=30316, stack(0x0000004fce500000,0x0000004fce600000)]
  0x00000222b6ca5aa0 JavaThread "C2 CompilerThread0" daemon [_thread_in_native, id=24692, stack(0x0000004fce600000,0x0000004fce700000)]
  0x00000222b6ca8460 JavaThread "C1 CompilerThread0" daemon [_thread_blocked, id=27940, stack(0x0000004fce700000,0x0000004fce800000)]
  0x00000222b6ca8d60 JavaThread "Sweeper thread" daemon [_thread_blocked, id=30684, stack(0x0000004fce800000,0x0000004fce900000)]
  0x00000222b6d1e710 JavaThread "Common-Cleaner" daemon [_thread_blocked, id=28264, stack(0x0000004fce900000,0x0000004fcea00000)]
  0x00000222b6f181c0 JavaThread "Notification Thread" daemon [_thread_blocked, id=12360, stack(0x0000004fcea00000,0x0000004fceb00000)]
  0x00000222b96f5490 JavaThread "Daemon health stats" [_thread_blocked, id=17240, stack(0x0000004fcf300000,0x0000004fcf400000)]
  0x00000222b872e680 JavaThread "Incoming local TCP Connector on port 59764" [_thread_in_native, id=9188, stack(0x0000004fcf400000,0x0000004fcf500000)]
  0x00000222b817bc30 JavaThread "Daemon periodic checks" [_thread_blocked, id=29572, stack(0x0000004fcf500000,0x0000004fcf600000)]
  0x00000222b85b4160 JavaThread "Cache worker for journal cache (C:\Users\Jhon\.gradle\caches\journal-1)" [_thread_blocked, id=30344, stack(0x0000004fd0300000,0x0000004fd0400000)]
  0x00000222b85b37c0 JavaThread "File lock request listener" [_thread_in_native, id=27504, stack(0x0000004fd0400000,0x0000004fd0500000)]
  0x00000222b85b4630 JavaThread "Cache worker for file hash cache (C:\Users\Jhon\.gradle\caches\8.4\fileHashes)" [_thread_blocked, id=20068, stack(0x0000004fced00000,0x0000004fcee00000)]
  0x00000222b85b4fd0 JavaThread "File watcher server" daemon [_thread_blocked, id=27000, stack(0x0000004fcec00000,0x0000004fced00000)]
  0x00000222b85b3c90 JavaThread "File watcher consumer" daemon [_thread_blocked, id=23848, stack(0x0000004fd0500000,0x0000004fd0600000)]
  0x00000222b85b2950 JavaThread "Cache worker for file content cache (C:\Users\Jhon\.gradle\caches\8.4\fileContent)" [_thread_blocked, id=27572, stack(0x0000004fd0900000,0x0000004fd0a00000)]
  0x00000222b9942740 JavaThread "Cache worker for execution history cache (C:\Users\Jhon\.gradle\caches\8.4\executionHistory)" [_thread_blocked, id=22424, stack(0x0000004fd0b00000,0x0000004fd0c00000)]
  0x00000222b99430e0 JavaThread "jar transforms" [_thread_blocked, id=25884, stack(0x0000004fd0e00000,0x0000004fd0f00000)]
  0x00000222b993fbf0 JavaThread "jar transforms Thread 2" [_thread_blocked, id=28708, stack(0x0000004fd0f00000,0x0000004fd1000000)]
  0x00000222b993ed80 JavaThread "Cache worker for kotlin-dsl (C:\Users\Jhon\.gradle\caches\8.4\kotlin-dsl)" [_thread_blocked, id=30432, stack(0x0000004fd1100000,0x0000004fd1200000)]
  0x00000222b993df10 JavaThread "jar transforms Thread 3" [_thread_blocked, id=28728, stack(0x0000004fd1200000,0x0000004fd1300000)]
  0x00000222b993f250 JavaThread "jar transforms Thread 4" [_thread_blocked, id=28132, stack(0x0000004fd1300000,0x0000004fd1400000)]
  0x00000222b9943a80 JavaThread "jar transforms Thread 5" [_thread_blocked, id=19448, stack(0x0000004fd1400000,0x0000004fd1500000)]
  0x00000222b993c230 JavaThread "jar transforms Thread 6" [_thread_blocked, id=29632, stack(0x0000004fd1500000,0x0000004fd1600000)]
  0x00000222b993d0a0 JavaThread "jar transforms Thread 7" [_thread_blocked, id=26584, stack(0x0000004fd1800000,0x0000004fd1900000)]
  0x00000222b9941400 JavaThread "jar transforms Thread 8" [_thread_blocked, id=24480, stack(0x0000004fd1900000,0x0000004fd1a00000)]
  0x00000222bc042c40 JavaThread "jar transforms Thread 9" [_thread_blocked, id=3152, stack(0x0000004fd2600000,0x0000004fd2700000)]
  0x00000222bc040a90 JavaThread "jar transforms Thread 10" [_thread_blocked, id=18916, stack(0x0000004fd2700000,0x0000004fd2800000)]
  0x00000222bc0400f0 JavaThread "jar transforms Thread 11" [_thread_blocked, id=22764, stack(0x0000004fd2800000,0x0000004fd2900000)]
  0x00000222bc046fa0 JavaThread "jar transforms Thread 12" [_thread_blocked, id=13768, stack(0x0000004fd2900000,0x0000004fd2a00000)]
  0x00000222bc042770 JavaThread "Memory manager" [_thread_blocked, id=29676, stack(0x0000004fd2b00000,0x0000004fd2c00000)]
  0x00000222c0bd8bf0 JavaThread "RMI Scheduler(0)" daemon [_thread_blocked, id=26864, stack(0x0000004fdab00000,0x0000004fdac00000)]
  0x00000222b6d98820 JavaThread "RMI GC Daemon" daemon [_thread_blocked, id=16760, stack(0x0000004fdae00000,0x0000004fdaf00000)]
  0x00000222c0bd90c0 JavaThread "RMI TCP Accept-0" daemon [_thread_in_native, id=25636, stack(0x0000004fdaf00000,0x0000004fdb000000)]
  0x00000222c0bd9f30 JavaThread "RMI Reaper" [_thread_blocked, id=28960, stack(0x0000004fdb000000,0x0000004fdb100000)]
  0x00000222b94ba3d0 JavaThread "Daemon Thread 3" [_thread_blocked, id=27736, stack(0x0000004fcd600000,0x0000004fcd700000)]
  0x00000222bec200d0 JavaThread "Daemon worker Thread 3" [_thread_blocked, id=27540, stack(0x0000004fcf600000,0x0000004fcf700000)]
  0x00000222c30113f0 JavaThread "included builds" [_thread_blocked, id=28808, stack(0x0000004fd2400000,0x0000004fd2500000)]
  0x00000222c53c9030 JavaThread "RMI TCP Connection(idle)" daemon [_thread_blocked, id=24212, stack(0x0000004fd7000000,0x0000004fd7100000)]
  0x00000222c53cc520 JavaThread "RMI TCP Connection(idle)" daemon [_thread_blocked, id=28352, stack(0x0000004fd8500000,0x0000004fd8600000)]
  0x00000222c53c99d0 JavaThread "RMI TCP Connection(idle)" daemon [_thread_blocked, id=16584, stack(0x0000004fd8600000,0x0000004fd8700000)]
  0x00000222c53cb1e0 JavaThread "RMI TCP Connection(21)-127.0.0.1" daemon [_thread_in_native, id=30440, stack(0x0000004fd8700000,0x0000004fd8800000)]
  0x00000222c0bd8250 JavaThread "RMI TCP Connection(idle)" daemon [_thread_blocked, id=30688, stack(0x0000004fd8a00000,0x0000004fd8b00000)]
  0x00000222b6d9a500 JavaThread "RMI TCP Connection(idle)" daemon [_thread_blocked, id=12084, stack(0x0000004fd8d00000,0x0000004fd8e00000)]
  0x00000222b6d98cf0 JavaThread "included builds" [_thread_blocked, id=26756, stack(0x0000004fd2500000,0x0000004fd2600000)]
  0x00000222beaf3e50 JavaThread "RMI RenewClean-[127.0.0.1:17221,org.jetbrains.kotlin.daemon.common.LoopbackNetworkInterface$ClientLoopbackSocketFactory@65727765]" daemon [_thread_blocked, id=30532, stack(0x0000004fd6500000,0x0000004fd6600000)]
  0x00000222ba65fa80 JavaThread "Handler for socket connection from /127.0.0.1:59764 to /127.0.0.1:60052" [_thread_in_native, id=25968, stack(0x0000004fcd700000,0x0000004fcd800000)]
  0x00000222ba65ff50 JavaThread "Cancel handler" [_thread_blocked, id=28396, stack(0x0000004fcd800000,0x0000004fcd900000)]
  0x00000222c3010a50 JavaThread "Asynchronous log dispatcher for DefaultDaemonConnection: socket connection from /127.0.0.1:59764 to /127.0.0.1:60052" [_thread_blocked, id=4988, stack(0x0000004fcf700000,0x0000004fcf800000)]
  0x00000222c3010580 JavaThread "Stdin handler" [_thread_blocked, id=27112, stack(0x0000004fcf800000,0x0000004fcf900000)]
  0x00000222c3010f20 JavaThread "Daemon client event forwarder" [_thread_blocked, id=2816, stack(0x0000004fcf900000,0x0000004fcfa00000)]
  0x00000222c30118c0 JavaThread "Cache worker for checksums cache (C:\Users\Jhon\AndroidStudioProjects\ToDoTasks\.gradle\8.4\checksums)" [_thread_blocked, id=13240, stack(0x0000004fcfa00000,0x0000004fcfb00000)]
  0x00000222c30100b0 JavaThread "Cache worker for file hash cache (C:\Users\Jhon\AndroidStudioProjects\ToDoTasks\.gradle\8.4\fileHashes)" [_thread_blocked, id=4256, stack(0x0000004fcfb00000,0x0000004fcfc00000)]
  0x00000222c323aca0 JavaThread "Cache worker for cache directory md-supplier (C:\Users\Jhon\.gradle\caches\8.4\md-supplier)" [_thread_blocked, id=23336, stack(0x0000004fcfc00000,0x0000004fcfd00000)]
  0x00000222c3239490 JavaThread "Cache worker for cache directory md-rule (C:\Users\Jhon\.gradle\caches\8.4\md-rule)" [_thread_blocked, id=23932, stack(0x0000004fd0600000,0x0000004fd0700000)]
  0x00000222c323b640 JavaThread "Cache worker for dependencies-accessors (C:\Users\Jhon\AndroidStudioProjects\ToDoTasks\.gradle\8.4\dependencies-accessors)" [_thread_blocked, id=27308, stack(0x0000004fd0700000,0x0000004fd0800000)]
  0x00000222bf2a2aa0 JavaThread "C2 CompilerThread1" daemon [_thread_blocked, id=27336, stack(0x0000004fd0800000,0x0000004fd0900000)]
  0x00000222c3239e30 JavaThread "Cache worker for Build Output Cleanup Cache (C:\Users\Jhon\AndroidStudioProjects\ToDoTasks\.gradle\buildOutputCleanup)" [_thread_blocked, id=9352, stack(0x0000004fd0a00000,0x0000004fd0b00000)]

Other Threads:
=>0x00000222b6c57a10 VMThread "VM Thread" [stack: 0x0000004fcdf00000,0x0000004fce000000] [id=2692]
  0x0000022299f83fd0 WatcherThread [stack: 0x0000004fceb00000,0x0000004fcec00000] [id=18952]
  0x0000022299f5fdf0 GCTaskThread "GC Thread#0" [stack: 0x0000004fcda00000,0x0000004fcdb00000] [id=21616]
  0x00000222b798ca00 GCTaskThread "GC Thread#1" [stack: 0x0000004fcee00000,0x0000004fcef00000] [id=22380]
  0x00000222b74eddf0 GCTaskThread "GC Thread#2" [stack: 0x0000004fcef00000,0x0000004fcf000000] [id=11068]
  0x00000222b74ee0a0 GCTaskThread "GC Thread#3" [stack: 0x0000004fcf000000,0x0000004fcf100000] [id=23732]
  0x00000222b7d27840 GCTaskThread "GC Thread#4" [stack: 0x0000004fcf100000,0x0000004fcf200000] [id=25440]
  0x00000222b7d27af0 GCTaskThread "GC Thread#5" [stack: 0x0000004fcf200000,0x0000004fcf300000] [id=22064]
  0x00000222b987e730 GCTaskThread "GC Thread#6" [stack: 0x0000004fcfd00000,0x0000004fcfe00000] [id=4772]
  0x00000222ba2322a0 GCTaskThread "GC Thread#7" [stack: 0x0000004fcfe00000,0x0000004fcff00000] [id=21676]
  0x00000222b90faa20 GCTaskThread "GC Thread#8" [stack: 0x0000004fcff00000,0x0000004fd0000000] [id=29924]
  0x00000222b98a3bb0 GCTaskThread "GC Thread#9" [stack: 0x0000004fd0000000,0x0000004fd0100000] [id=22340]
  0x0000022299f713e0 ConcurrentGCThread "G1 Main Marker" [stack: 0x0000004fcdb00000,0x0000004fcdc00000] [id=27356]
  0x0000022299f71d00 ConcurrentGCThread "G1 Conc#0" [stack: 0x0000004fcdc00000,0x0000004fcdd00000] [id=17648]
  0x00000222b85ef120 ConcurrentGCThread "G1 Conc#1" [stack: 0x0000004fd0100000,0x0000004fd0200000] [id=30164]
  0x00000222b9d1fce0 ConcurrentGCThread "G1 Conc#2" [stack: 0x0000004fd0200000,0x0000004fd0300000] [id=29224]
  0x00000222b60185a0 ConcurrentGCThread "G1 Refine#0" [stack: 0x0000004fcdd00000,0x0000004fcde00000] [id=23876]
  0x00000222ba5cb6d0 ConcurrentGCThread "G1 Refine#1" [stack: 0x0000004fd0d00000,0x0000004fd0e00000] [id=5316]
  0x00000222c31c40c0 ConcurrentGCThread "G1 Refine#2" [stack: 0x0000004fd8b00000,0x0000004fd8c00000] [id=16724]
  0x00000222b6018dd0 ConcurrentGCThread "G1 Service" [stack: 0x0000004fcde00000,0x0000004fcdf00000] [id=30612]

Threads with active compile tasks:
C2 CompilerThread0  1078258 26954       4       java.lang.Module::implIsExportedOrOpen (92 bytes)
C2 CompilerThread1  1078258 26970       4       org.gradle.internal.service.DefaultServiceRegistry$OwnServices::add (153 bytes)

VM state: at safepoint (normal execution)

VM Mutex/Monitor currently owned by a thread:  ([mutex/lock_event])
[0x0000022299effc40] Threads_lock - owner thread: 0x00000222b6c57a10
[0x0000022299f00300] Heap_lock - owner thread: 0x00000222bec200d0

Heap address: 0x0000000080000000, size: 2048 MB, Compressed Oops mode: 32-bit

CDS archive(s) not mapped
Compressed class space mapped at: 0x0000000100000000-0x0000000140000000, reserved size: 1073741824
Narrow klass base: 0x0000000000000000, Narrow klass shift: 3, Narrow klass range: 0x140000000

GC Precious Log:
 CPUs: 12 total, 12 available
 Memory: 16211M
 Large Page Support: Disabled
 NUMA Support: Disabled
 Compressed Oops: Enabled (32-bit)
 Heap Region Size: 1M
 Heap Min Capacity: 8M
 Heap Initial Capacity: 254M
 Heap Max Capacity: 2G
 Pre-touch: Disabled
 Parallel Workers: 10
 Concurrent Workers: 3
 Concurrent Refinement Workers: 10
 Periodic GC: Disabled

Heap:
 garbage-first heap   total 408576K, used 210878K [0x0000000080000000, 0x0000000100000000)
  region size 1024K, 12 young (12288K), 12 survivors (12288K)
 Metaspace       used 164474K, committed 165952K, reserved 1196032K
  class space    used 21458K, committed 22208K, reserved 1048576K

Heap Regions: E=young(eden), S=young(survivor), O=old, HS=humongous(starts), HC=humongous(continues), CS=collection set, F=free, OA=open archive, CA=closed archive, TAMS=top-at-mark-start (previous, next)
|   0|0x0000000080000000, 0x0000000080100000, 0x0000000080100000|100%|HS|  |TAMS 0x0000000080100000, 0x0000000080000000| Complete 
|   1|0x0000000080100000, 0x0000000080200000, 0x0000000080200000|100%|HC|  |TAMS 0x0000000080200000, 0x0000000080100000| Complete 
|   2|0x0000000080200000, 0x0000000080300000, 0x0000000080300000|100%|HC|  |TAMS 0x0000000080300000, 0x0000000080200000| Complete 
|   3|0x0000000080300000, 0x0000000080400000, 0x0000000080400000|100%|HC|  |TAMS 0x0000000080400000, 0x0000000080300000| Complete 
|   4|0x0000000080400000, 0x0000000080500000, 0x0000000080500000|100%| O|  |TAMS 0x0000000080500000, 0x0000000080400000| Untracked 
|   5|0x0000000080500000, 0x0000000080600000, 0x0000000080600000|100%| O|  |TAMS 0x0000000080600000, 0x0000000080500000| Untracked 
|   6|0x0000000080600000, 0x0000000080700000, 0x0000000080700000|100%| O|  |TAMS 0x0000000080700000, 0x0000000080600000| Untracked 
|   7|0x0000000080700000, 0x0000000080800000, 0x0000000080800000|100%| O|  |TAMS 0x0000000080800000, 0x0000000080700000| Untracked 
|   8|0x0000000080800000, 0x0000000080900000, 0x0000000080900000|100%| O|  |TAMS 0x0000000080900000, 0x0000000080800000| Untracked 
|   9|0x0000000080900000, 0x0000000080a00000, 0x0000000080a00000|100%| O|  |TAMS 0x0000000080a00000, 0x0000000080900000| Untracked 
|  10|0x0000000080a00000, 0x0000000080b00000, 0x0000000080b00000|100%| O|  |TAMS 0x0000000080b00000, 0x0000000080a00000| Untracked 
|  11|0x0000000080b00000, 0x0000000080c00000, 0x0000000080c00000|100%| O|  |TAMS 0x0000000080c00000, 0x0000000080b00000| Untracked 
|  12|0x0000000080c00000, 0x0000000080d00000, 0x0000000080d00000|100%| O|  |TAMS 0x0000000080d00000, 0x0000000080c00000| Untracked 
|  13|0x0000000080d00000, 0x0000000080e00000, 0x0000000080e00000|100%| O|  |TAMS 0x0000000080e00000, 0x0000000080d00000| Untracked 
|  14|0x0000000080e00000, 0x0000000080f00000, 0x0000000080f00000|100%| O|  |TAMS 0x0000000080f00000, 0x0000000080e00000| Untracked 
|  15|0x0000000080f00000, 0x0000000081000000, 0x0000000081000000|100%| O|  |TAMS 0x0000000081000000, 0x0000000080f00000| Untracked 
|  16|0x0000000081000000, 0x0000000081100000, 0x0000000081100000|100%| O|  |TAMS 0x0000000081100000, 0x0000000081000000| Untracked 
|  17|0x0000000081100000, 0x0000000081200000, 0x0000000081200000|100%| O|  |TAMS 0x0000000081200000, 0x0000000081100000| Untracked 
|  18|0x0000000081200000, 0x0000000081300000, 0x0000000081300000|100%| O|  |TAMS 0x0000000081300000, 0x0000000081200000| Untracked 
|  19|0x0000000081300000, 0x0000000081400000, 0x0000000081400000|100%| O|  |TAMS 0x0000000081400000, 0x0000000081300000| Untracked 
|  20|0x0000000081400000, 0x0000000081500000, 0x0000000081500000|100%| O|  |TAMS 0x0000000081500000, 0x0000000081400000| Untracked 
|  21|0x0000000081500000, 0x0000000081600000, 0x0000000081600000|100%| O|  |TAMS 0x0000000081600000, 0x0000000081500000| Untracked 
|  22|0x0000000081600000, 0x0000000081700000, 0x0000000081700000|100%| O|  |TAMS 0x0000000081700000, 0x0000000081600000| Untracked 
|  23|0x0000000081700000, 0x0000000081800000, 0x0000000081800000|100%| O|  |TAMS 0x0000000081800000, 0x0000000081700000| Untracked 
|  24|0x0000000081800000, 0x0000000081900000, 0x0000000081900000|100%| O|  |TAMS 0x0000000081900000, 0x0000000081800000| Untracked 
|  25|0x0000000081900000, 0x0000000081a00000, 0x0000000081a00000|100%| O|  |TAMS 0x0000000081a00000, 0x0000000081900000| Untracked 
|  26|0x0000000081a00000, 0x0000000081b00000, 0x0000000081b00000|100%| O|  |TAMS 0x0000000081b00000, 0x0000000081a00000| Untracked 
|  27|0x0000000081b00000, 0x0000000081c00000, 0x0000000081c00000|100%| O|  |TAMS 0x0000000081c00000, 0x0000000081b00000| Untracked 
|  28|0x0000000081c00000, 0x0000000081d00000, 0x0000000081d00000|100%| O|  |TAMS 0x0000000081d00000, 0x0000000081c00000| Untracked 
|  29|0x0000000081d00000, 0x0000000081e00000, 0x0000000081e00000|100%| O|  |TAMS 0x0000000081e00000, 0x0000000081d00000| Untracked 
|  30|0x0000000081e00000, 0x0000000081f00000, 0x0000000081f00000|100%| O|  |TAMS 0x0000000081f00000, 0x0000000081e00000| Untracked 
|  31|0x0000000081f00000, 0x0000000082000000, 0x0000000082000000|100%| O|  |TAMS 0x0000000082000000, 0x0000000081f00000| Untracked 
|  32|0x0000000082000000, 0x0000000082100000, 0x0000000082100000|100%| O|  |TAMS 0x0000000082100000, 0x0000000082000000| Untracked 
|  33|0x0000000082100000, 0x0000000082200000, 0x0000000082200000|100%| O|  |TAMS 0x0000000082200000, 0x0000000082100000| Untracked 
|  34|0x0000000082200000, 0x0000000082300000, 0x0000000082300000|100%| O|  |TAMS 0x0000000082300000, 0x0000000082200000| Untracked 
|  35|0x0000000082300000, 0x0000000082400000, 0x0000000082400000|100%|HS|  |TAMS 0x0000000082400000, 0x0000000082300000| Complete 
|  36|0x0000000082400000, 0x0000000082500000, 0x0000000082500000|100%|HS|  |TAMS 0x0000000082500000, 0x0000000082400000| Complete 
|  37|0x0000000082500000, 0x0000000082600000, 0x0000000082600000|100%| O|  |TAMS 0x0000000082600000, 0x0000000082500000| Untracked 
|  38|0x0000000082600000, 0x0000000082700000, 0x0000000082700000|100%| O|  |TAMS 0x0000000082700000, 0x0000000082600000| Untracked 
|  39|0x0000000082700000, 0x0000000082800000, 0x0000000082800000|100%| O|  |TAMS 0x0000000082800000, 0x0000000082700000| Untracked 
|  40|0x0000000082800000, 0x0000000082900000, 0x0000000082900000|100%| O|  |TAMS 0x0000000082900000, 0x0000000082800000| Untracked 
|  41|0x0000000082900000, 0x0000000082a00000, 0x0000000082a00000|100%| O|  |TAMS 0x0000000082a00000, 0x0000000082900000| Untracked 
|  42|0x0000000082a00000, 0x0000000082b00000, 0x0000000082b00000|100%| O|  |TAMS 0x0000000082b00000, 0x0000000082a00000| Untracked 
|  43|0x0000000082b00000, 0x0000000082c00000, 0x0000000082c00000|100%|HS|  |TAMS 0x0000000082c00000, 0x0000000082b00000| Complete 
|  44|0x0000000082c00000, 0x0000000082d00000, 0x0000000082d00000|100%|HC|  |TAMS 0x0000000082d00000, 0x0000000082c00000| Complete 
|  45|0x0000000082d00000, 0x0000000082e00000, 0x0000000082e00000|100%|HS|  |TAMS 0x0000000082e00000, 0x0000000082d00000| Complete 
|  46|0x0000000082e00000, 0x0000000082f00000, 0x0000000082f00000|100%|HC|  |TAMS 0x0000000082f00000, 0x0000000082e00000| Complete 
|  47|0x0000000082f00000, 0x0000000083000000, 0x0000000083000000|100%|HS|  |TAMS 0x0000000083000000, 0x0000000082f00000| Complete 
|  48|0x0000000083000000, 0x0000000083100000, 0x0000000083100000|100%| O|  |TAMS 0x0000000083100000, 0x0000000083000000| Untracked 
|  49|0x0000000083100000, 0x0000000083200000, 0x0000000083200000|100%| O|  |TAMS 0x0000000083200000, 0x0000000083100000| Untracked 
|  50|0x0000000083200000, 0x0000000083300000, 0x0000000083300000|100%|HS|  |TAMS 0x0000000083300000, 0x0000000083200000| Complete 
|  51|0x0000000083300000, 0x0000000083400000, 0x0000000083400000|100%|HC|  |TAMS 0x0000000083400000, 0x0000000083300000| Complete 
|  52|0x0000000083400000, 0x0000000083500000, 0x0000000083500000|100%|HC|  |TAMS 0x0000000083500000, 0x0000000083400000| Complete 
|  53|0x0000000083500000, 0x0000000083600000, 0x0000000083600000|100%|HC|  |TAMS 0x0000000083600000, 0x0000000083500000| Complete 
|  54|0x0000000083600000, 0x0000000083700000, 0x0000000083700000|100%| O|  |TAMS 0x0000000083700000, 0x0000000083600000| Untracked 
|  55|0x0000000083700000, 0x0000000083800000, 0x0000000083800000|100%| O|  |TAMS 0x0000000083800000, 0x0000000083700000| Untracked 
|  56|0x0000000083800000, 0x0000000083900000, 0x0000000083900000|100%|HS|  |TAMS 0x0000000083900000, 0x0000000083800000| Complete 
|  57|0x0000000083900000, 0x0000000083a00000, 0x0000000083a00000|100%| O|  |TAMS 0x0000000083a00000, 0x0000000083900000| Untracked 
|  58|0x0000000083a00000, 0x0000000083b00000, 0x0000000083b00000|100%| O|  |TAMS 0x0000000083b00000, 0x0000000083a00000| Untracked 
|  59|0x0000000083b00000, 0x0000000083c00000, 0x0000000083c00000|100%| O|  |TAMS 0x0000000083c00000, 0x0000000083b00000| Untracked 
|  60|0x0000000083c00000, 0x0000000083d00000, 0x0000000083d00000|100%| O|  |TAMS 0x0000000083d00000, 0x0000000083c00000| Untracked 
|  61|0x0000000083d00000, 0x0000000083e00000, 0x0000000083e00000|100%| O|  |TAMS 0x0000000083e00000, 0x0000000083d00000| Untracked 
|  62|0x0000000083e00000, 0x0000000083f00000, 0x0000000083f00000|100%| O|  |TAMS 0x0000000083f00000, 0x0000000083e00000| Untracked 
|  63|0x0000000083f00000, 0x0000000084000000, 0x0000000084000000|100%| O|  |TAMS 0x0000000084000000, 0x0000000083f00000| Untracked 
|  64|0x0000000084000000, 0x0000000084100000, 0x0000000084100000|100%| O|  |TAMS 0x0000000084100000, 0x0000000084000000| Untracked 
|  65|0x0000000084100000, 0x0000000084200000, 0x0000000084200000|100%| O|  |TAMS 0x0000000084200000, 0x0000000084100000| Untracked 
|  66|0x0000000084200000, 0x0000000084300000, 0x0000000084300000|100%| O|  |TAMS 0x0000000084300000, 0x0000000084200000| Untracked 
|  67|0x0000000084300000, 0x0000000084400000, 0x0000000084400000|100%| O|  |TAMS 0x0000000084400000, 0x0000000084300000| Untracked 
|  68|0x0000000084400000, 0x0000000084500000, 0x0000000084500000|100%| O|  |TAMS 0x0000000084500000, 0x0000000084400000| Untracked 
|  69|0x0000000084500000, 0x0000000084600000, 0x0000000084600000|100%| O|  |TAMS 0x0000000084600000, 0x0000000084500000| Untracked 
|  70|0x0000000084600000, 0x0000000084700000, 0x0000000084700000|100%| O|  |TAMS 0x0000000084700000, 0x0000000084600000| Untracked 
|  71|0x0000000084700000, 0x0000000084800000, 0x0000000084800000|100%|HS|  |TAMS 0x0000000084800000, 0x0000000084700000| Complete 
|  72|0x0000000084800000, 0x0000000084900000, 0x0000000084900000|100%|HC|  |TAMS 0x0000000084900000, 0x0000000084800000| Complete 
|  73|0x0000000084900000, 0x0000000084a00000, 0x0000000084a00000|100%|HC|  |TAMS 0x0000000084a00000, 0x0000000084900000| Complete 
|  74|0x0000000084a00000, 0x0000000084b00000, 0x0000000084b00000|100%|HC|  |TAMS 0x0000000084b00000, 0x0000000084a00000| Complete 
|  75|0x0000000084b00000, 0x0000000084c00000, 0x0000000084c00000|100%| O|  |TAMS 0x0000000084c00000, 0x0000000084b00000| Untracked 
|  76|0x0000000084c00000, 0x0000000084d00000, 0x0000000084d00000|100%| O|  |TAMS 0x0000000084d00000, 0x0000000084c00000| Untracked 
|  77|0x0000000084d00000, 0x0000000084e00000, 0x0000000084e00000|100%| O|  |TAMS 0x0000000084e00000, 0x0000000084d00000| Untracked 
|  78|0x0000000084e00000, 0x0000000084f00000, 0x0000000084f00000|100%| O|  |TAMS 0x0000000084f00000, 0x0000000084e00000| Untracked 
|  79|0x0000000084f00000, 0x0000000085000000, 0x0000000085000000|100%| O|  |TAMS 0x0000000085000000, 0x0000000084f00000| Untracked 
|  80|0x0000000085000000, 0x0000000085100000, 0x0000000085100000|100%| O|  |TAMS 0x0000000085100000, 0x0000000085000000| Untracked 
|  81|0x0000000085100000, 0x0000000085200000, 0x0000000085200000|100%| O|  |TAMS 0x0000000085200000, 0x0000000085100000| Untracked 
|  82|0x0000000085200000, 0x0000000085300000, 0x0000000085300000|100%| O|  |TAMS 0x0000000085300000, 0x0000000085200000| Untracked 
|  83|0x0000000085300000, 0x0000000085400000, 0x0000000085400000|100%| O|  |TAMS 0x0000000085400000, 0x0000000085300000| Untracked 
|  84|0x0000000085400000, 0x0000000085500000, 0x0000000085500000|100%| O|  |TAMS 0x0000000085500000, 0x0000000085400000| Untracked 
|  85|0x0000000085500000, 0x0000000085600000, 0x0000000085600000|100%| O|  |TAMS 0x0000000085600000, 0x0000000085500000| Untracked 
|  86|0x0000000085600000, 0x0000000085700000, 0x0000000085700000|100%| O|  |TAMS 0x0000000085700000, 0x0000000085600000| Untracked 
|  87|0x0000000085700000, 0x0000000085800000, 0x0000000085800000|100%| O|  |TAMS 0x0000000085800000, 0x0000000085700000| Untracked 
|  88|0x0000000085800000, 0x0000000085900000, 0x0000000085900000|100%| O|  |TAMS 0x0000000085900000, 0x0000000085800000| Untracked 
|  89|0x0000000085900000, 0x0000000085a00000, 0x0000000085a00000|100%| O|  |TAMS 0x0000000085a00000, 0x0000000085900000| Untracked 
|  90|0x0000000085a00000, 0x0000000085b00000, 0x0000000085b00000|100%| O|  |TAMS 0x0000000085b00000, 0x0000000085a00000| Untracked 
|  91|0x0000000085b00000, 0x0000000085c00000, 0x0000000085c00000|100%| O|  |TAMS 0x0000000085c00000, 0x0000000085b00000| Untracked 
|  92|0x0000000085c00000, 0x0000000085d00000, 0x0000000085d00000|100%| O|  |TAMS 0x0000000085d00000, 0x0000000085c00000| Untracked 
|  93|0x0000000085d00000, 0x0000000085e00000, 0x0000000085e00000|100%| O|  |TAMS 0x0000000085d00000, 0x0000000085d00000| Untracked 
|  94|0x0000000085e00000, 0x0000000085f00000, 0x0000000085f00000|100%| O|  |TAMS 0x0000000085f00000, 0x0000000085e00000| Untracked 
|  95|0x0000000085f00000, 0x0000000086000000, 0x0000000086000000|100%| O|  |TAMS 0x0000000086000000, 0x0000000085f00000| Untracked 
|  96|0x0000000086000000, 0x0000000086100000, 0x0000000086100000|100%| O|  |TAMS 0x0000000086100000, 0x0000000086000000| Untracked 
|  97|0x0000000086100000, 0x0000000086200000, 0x0000000086200000|100%| O|  |TAMS 0x0000000086200000, 0x0000000086100000| Untracked 
|  98|0x0000000086200000, 0x0000000086300000, 0x0000000086300000|100%| O|  |TAMS 0x0000000086300000, 0x0000000086200000| Untracked 
|  99|0x0000000086300000, 0x0000000086400000, 0x0000000086400000|100%| O|  |TAMS 0x0000000086400000, 0x0000000086300000| Untracked 
| 100|0x0000000086400000, 0x0000000086500000, 0x0000000086500000|100%| O|  |TAMS 0x0000000086500000, 0x0000000086400000| Untracked 
| 101|0x0000000086500000, 0x0000000086600000, 0x0000000086600000|100%| O|  |TAMS 0x0000000086600000, 0x0000000086500000| Untracked 
| 102|0x0000000086600000, 0x0000000086700000, 0x0000000086700000|100%| O|  |TAMS 0x0000000086700000, 0x0000000086600000| Untracked 
| 103|0x0000000086700000, 0x0000000086800000, 0x0000000086800000|100%| O|  |TAMS 0x0000000086800000, 0x0000000086700000| Untracked 
| 104|0x0000000086800000, 0x0000000086900000, 0x0000000086900000|100%| O|  |TAMS 0x0000000086900000, 0x0000000086800000| Untracked 
| 105|0x0000000086900000, 0x0000000086a00000, 0x0000000086a00000|100%| O|  |TAMS 0x0000000086a00000, 0x0000000086900000| Untracked 
| 106|0x0000000086a00000, 0x0000000086b00000, 0x0000000086b00000|100%| O|  |TAMS 0x0000000086b00000, 0x0000000086a00000| Untracked 
| 107|0x0000000086b00000, 0x0000000086c00000, 0x0000000086c00000|100%| O|  |TAMS 0x0000000086c00000, 0x0000000086b00000| Untracked 
| 108|0x0000000086c00000, 0x0000000086d00000, 0x0000000086d00000|100%| O|  |TAMS 0x0000000086d00000, 0x0000000086c00000| Untracked 
| 109|0x0000000086d00000, 0x0000000086e00000, 0x0000000086e00000|100%| O|  |TAMS 0x0000000086d00000, 0x0000000086d00000| Untracked 
| 110|0x0000000086e00000, 0x0000000086f00000, 0x0000000086f00000|100%| O|  |TAMS 0x0000000086eee000, 0x0000000086e00000| Untracked 
| 111|0x0000000086f00000, 0x0000000087000000, 0x0000000087000000|100%| O|  |TAMS 0x0000000086f00000, 0x0000000086f00000| Untracked 
| 112|0x0000000087000000, 0x0000000087100000, 0x0000000087100000|100%| O|  |TAMS 0x0000000087000000, 0x0000000087000000| Untracked 
| 113|0x0000000087100000, 0x0000000087200000, 0x0000000087200000|100%| O|  |TAMS 0x0000000087100000, 0x0000000087100000| Untracked 
| 114|0x0000000087200000, 0x0000000087300000, 0x0000000087300000|100%| O|  |TAMS 0x0000000087200000, 0x0000000087200000| Untracked 
| 115|0x0000000087300000, 0x0000000087400000, 0x0000000087400000|100%| O|  |TAMS 0x0000000087400000, 0x0000000087300000| Untracked 
| 116|0x0000000087400000, 0x0000000087500000, 0x0000000087500000|100%| O|  |TAMS 0x0000000087400000, 0x0000000087400000| Untracked 
| 117|0x0000000087500000, 0x0000000087600000, 0x0000000087600000|100%| O|  |TAMS 0x0000000087600000, 0x0000000087500000| Untracked 
| 118|0x0000000087600000, 0x0000000087700000, 0x0000000087700000|100%| O|  |TAMS 0x0000000087700000, 0x0000000087600000| Untracked 
| 119|0x0000000087700000, 0x0000000087800000, 0x0000000087800000|100%| O|  |TAMS 0x0000000087800000, 0x0000000087700000| Untracked 
| 120|0x0000000087800000, 0x0000000087900000, 0x0000000087900000|100%| O|  |TAMS 0x0000000087900000, 0x0000000087800000| Untracked 
| 121|0x0000000087900000, 0x0000000087a00000, 0x0000000087a00000|100%| O|  |TAMS 0x0000000087900000, 0x0000000087900000| Untracked 
| 122|0x0000000087a00000, 0x0000000087b00000, 0x0000000087b00000|100%| O|  |TAMS 0x0000000087b00000, 0x0000000087a00000| Untracked 
| 123|0x0000000087b00000, 0x0000000087c00000, 0x0000000087c00000|100%| O|  |TAMS 0x0000000087c00000, 0x0000000087b00000| Untracked 
| 124|0x0000000087c00000, 0x0000000087c00000, 0x0000000087d00000|  0%| F|  |TAMS 0x0000000087c00000, 0x0000000087c00000| Untracked 
| 125|0x0000000087d00000, 0x0000000087e00000, 0x0000000087e00000|100%| O|  |TAMS 0x0000000087e00000, 0x0000000087d00000| Untracked 
| 126|0x0000000087e00000, 0x0000000087f00000, 0x0000000087f00000|100%| O|  |TAMS 0x0000000087f00000, 0x0000000087e00000| Untracked 
| 127|0x0000000087f00000, 0x0000000088000000, 0x0000000088000000|100%| O|  |TAMS 0x0000000088000000, 0x0000000087f00000| Untracked 
| 128|0x0000000088000000, 0x0000000088100000, 0x0000000088100000|100%| O|  |TAMS 0x0000000088000000, 0x0000000088000000| Untracked 
| 129|0x0000000088100000, 0x0000000088200000, 0x0000000088200000|100%| O|  |TAMS 0x0000000088200000, 0x0000000088100000| Untracked 
| 130|0x0000000088200000, 0x0000000088300000, 0x0000000088300000|100%| O|  |TAMS 0x0000000088300000, 0x0000000088200000| Untracked 
| 131|0x0000000088300000, 0x0000000088300000, 0x0000000088400000|  0%| F|  |TAMS 0x0000000088300000, 0x0000000088300000| Untracked 
| 132|0x0000000088400000, 0x0000000088500000, 0x0000000088500000|100%| O|  |TAMS 0x0000000088400000, 0x0000000088400000| Untracked 
| 133|0x0000000088500000, 0x0000000088600000, 0x0000000088600000|100%| O|  |TAMS 0x0000000088600000, 0x0000000088500000| Untracked 
| 134|0x0000000088600000, 0x0000000088700000, 0x0000000088700000|100%| O|  |TAMS 0x0000000088700000, 0x0000000088600000| Untracked 
| 135|0x0000000088700000, 0x0000000088800000, 0x0000000088800000|100%| O|  |TAMS 0x0000000088700000, 0x0000000088700000| Untracked 
| 136|0x0000000088800000, 0x0000000088900000, 0x0000000088900000|100%|HS|  |TAMS 0x0000000088900000, 0x0000000088800000| Complete 
| 137|0x0000000088900000, 0x0000000088a00000, 0x0000000088a00000|100%|HC|  |TAMS 0x0000000088a00000, 0x0000000088900000| Complete 
| 138|0x0000000088a00000, 0x0000000088b00000, 0x0000000088b00000|100%| O|  |TAMS 0x0000000088b00000, 0x0000000088a00000| Untracked 
| 139|0x0000000088b00000, 0x0000000088c00000, 0x0000000088c00000|100%| O|  |TAMS 0x0000000088b00000, 0x0000000088b00000| Untracked 
| 140|0x0000000088c00000, 0x0000000088d00000, 0x0000000088d00000|100%| O|  |TAMS 0x0000000088c00000, 0x0000000088c00000| Untracked 
| 141|0x0000000088d00000, 0x0000000088e00000, 0x0000000088e00000|100%| O|  |TAMS 0x0000000088e00000, 0x0000000088d00000| Untracked 
| 142|0x0000000088e00000, 0x0000000088f00000, 0x0000000088f00000|100%| O|  |TAMS 0x0000000088e00000, 0x0000000088e00000| Untracked 
| 143|0x0000000088f00000, 0x0000000089000000, 0x0000000089000000|100%| O|  |TAMS 0x0000000088f00000, 0x0000000088f00000| Untracked 
| 144|0x0000000089000000, 0x0000000089100000, 0x0000000089100000|100%| O|  |TAMS 0x0000000089000000, 0x0000000089000000| Untracked 
| 145|0x0000000089100000, 0x0000000089100000, 0x0000000089200000|  0%| F|  |TAMS 0x0000000089100000, 0x0000000089100000| Untracked 
| 146|0x0000000089200000, 0x0000000089300000, 0x0000000089300000|100%| O|  |TAMS 0x0000000089300000, 0x0000000089200000| Untracked 
| 147|0x0000000089300000, 0x0000000089400000, 0x0000000089400000|100%| O|  |TAMS 0x0000000089300000, 0x0000000089300000| Untracked 
| 148|0x0000000089400000, 0x00000000894de600, 0x0000000089500000| 86%| O|  |TAMS 0x0000000089400000, 0x0000000089400000| Untracked 
| 149|0x0000000089500000, 0x0000000089600000, 0x0000000089600000|100%| O|  |TAMS 0x0000000089600000, 0x0000000089500000| Untracked 
| 150|0x0000000089600000, 0x0000000089600000, 0x0000000089700000|  0%| F|  |TAMS 0x0000000089600000, 0x0000000089600000| Untracked 
| 151|0x0000000089700000, 0x0000000089700000, 0x0000000089800000|  0%| F|  |TAMS 0x0000000089700000, 0x0000000089700000| Untracked 
| 152|0x0000000089800000, 0x0000000089800000, 0x0000000089900000|  0%| F|  |TAMS 0x0000000089800000, 0x0000000089800000| Untracked 
| 153|0x0000000089900000, 0x0000000089900000, 0x0000000089a00000|  0%| F|  |TAMS 0x0000000089900000, 0x0000000089900000| Untracked 
| 154|0x0000000089a00000, 0x0000000089a00000, 0x0000000089b00000|  0%| F|  |TAMS 0x0000000089a00000, 0x0000000089a00000| Untracked 
| 155|0x0000000089b00000, 0x0000000089b00000, 0x0000000089c00000|  0%| F|  |TAMS 0x0000000089b00000, 0x0000000089b00000| Untracked 
| 156|0x0000000089c00000, 0x0000000089c00000, 0x0000000089d00000|  0%| F|  |TAMS 0x0000000089c00000, 0x0000000089c00000| Untracked 
| 157|0x0000000089d00000, 0x0000000089d00000, 0x0000000089e00000|  0%| F|  |TAMS 0x0000000089d00000, 0x0000000089d00000| Untracked 
| 158|0x0000000089e00000, 0x0000000089f00000, 0x0000000089f00000|100%| O|  |TAMS 0x0000000089f00000, 0x0000000089e00000| Untracked 
| 159|0x0000000089f00000, 0x0000000089f00000, 0x000000008a000000|  0%| F|  |TAMS 0x0000000089f00000, 0x0000000089f00000| Untracked 
| 160|0x000000008a000000, 0x000000008a000000, 0x000000008a100000|  0%| F|  |TAMS 0x000000008a000000, 0x000000008a000000| Untracked 
| 161|0x000000008a100000, 0x000000008a100000, 0x000000008a200000|  0%| F|  |TAMS 0x000000008a100000, 0x000000008a100000| Untracked 
| 162|0x000000008a200000, 0x000000008a200000, 0x000000008a300000|  0%| F|  |TAMS 0x000000008a200000, 0x000000008a200000| Untracked 
| 163|0x000000008a300000, 0x000000008a300000, 0x000000008a400000|  0%| F|  |TAMS 0x000000008a300000, 0x000000008a300000| Untracked 
| 164|0x000000008a400000, 0x000000008a400000, 0x000000008a500000|  0%| F|  |TAMS 0x000000008a400000, 0x000000008a400000| Untracked 
| 165|0x000000008a500000, 0x000000008a500000, 0x000000008a600000|  0%| F|  |TAMS 0x000000008a500000, 0x000000008a500000| Untracked 
| 166|0x000000008a600000, 0x000000008a600000, 0x000000008a700000|  0%| F|  |TAMS 0x000000008a600000, 0x000000008a600000| Untracked 
| 167|0x000000008a700000, 0x000000008a700000, 0x000000008a800000|  0%| F|  |TAMS 0x000000008a700000, 0x000000008a700000| Untracked 
| 168|0x000000008a800000, 0x000000008a800000, 0x000000008a900000|  0%| F|  |TAMS 0x000000008a800000, 0x000000008a800000| Untracked 
| 169|0x000000008a900000, 0x000000008a900000, 0x000000008aa00000|  0%| F|  |TAMS 0x000000008a900000, 0x000000008a900000| Untracked 
| 170|0x000000008aa00000, 0x000000008aa00000, 0x000000008ab00000|  0%| F|  |TAMS 0x000000008aa00000, 0x000000008aa00000| Untracked 
| 171|0x000000008ab00000, 0x000000008ac00000, 0x000000008ac00000|100%| O|  |TAMS 0x000000008ac00000, 0x000000008ab00000| Untracked 
| 172|0x000000008ac00000, 0x000000008ac00000, 0x000000008ad00000|  0%| F|  |TAMS 0x000000008ac00000, 0x000000008ac00000| Untracked 
| 173|0x000000008ad00000, 0x000000008ad00000, 0x000000008ae00000|  0%| F|  |TAMS 0x000000008ad00000, 0x000000008ad00000| Untracked 
| 174|0x000000008ae00000, 0x000000008ae00000, 0x000000008af00000|  0%| F|  |TAMS 0x000000008ae00000, 0x000000008ae00000| Untracked 
| 175|0x000000008af00000, 0x000000008af00000, 0x000000008b000000|  0%| F|  |TAMS 0x000000008af00000, 0x000000008af00000| Untracked 
| 176|0x000000008b000000, 0x000000008b100000, 0x000000008b100000|100%| O|  |TAMS 0x000000008b100000, 0x000000008b000000| Untracked 
| 177|0x000000008b100000, 0x000000008b200000, 0x000000008b200000|100%| O|  |TAMS 0x000000008b200000, 0x000000008b100000| Untracked 
| 178|0x000000008b200000, 0x000000008b200000, 0x000000008b300000|  0%| F|  |TAMS 0x000000008b200000, 0x000000008b200000| Untracked 
| 179|0x000000008b300000, 0x000000008b400000, 0x000000008b400000|100%| O|  |TAMS 0x000000008b400000, 0x000000008b300000| Untracked 
| 180|0x000000008b400000, 0x000000008b500000, 0x000000008b500000|100%| O|  |TAMS 0x000000008b500000, 0x000000008b400000| Untracked 
| 181|0x000000008b500000, 0x000000008b600000, 0x000000008b600000|100%| O|  |TAMS 0x000000008b600000, 0x000000008b500000| Untracked 
| 182|0x000000008b600000, 0x000000008b700000, 0x000000008b700000|100%| O|  |TAMS 0x000000008b700000, 0x000000008b600000| Untracked 
| 183|0x000000008b700000, 0x000000008b700000, 0x000000008b800000|  0%| F|  |TAMS 0x000000008b700000, 0x000000008b700000| Untracked 
| 184|0x000000008b800000, 0x000000008b800000, 0x000000008b900000|  0%| F|  |TAMS 0x000000008b800000, 0x000000008b800000| Untracked 
| 185|0x000000008b900000, 0x000000008ba00000, 0x000000008ba00000|100%| O|  |TAMS 0x000000008ba00000, 0x000000008b900000| Untracked 
| 186|0x000000008ba00000, 0x000000008bb00000, 0x000000008bb00000|100%| O|  |TAMS 0x000000008bb00000, 0x000000008ba00000| Untracked 
| 187|0x000000008bb00000, 0x000000008bb00000, 0x000000008bc00000|  0%| F|  |TAMS 0x000000008bb00000, 0x000000008bb00000| Untracked 
| 188|0x000000008bc00000, 0x000000008bc00000, 0x000000008bd00000|  0%| F|  |TAMS 0x000000008bc00000, 0x000000008bc00000| Untracked 
| 189|0x000000008bd00000, 0x000000008be00000, 0x000000008be00000|100%| O|  |TAMS 0x000000008be00000, 0x000000008bd00000| Untracked 
| 190|0x000000008be00000, 0x000000008bf00000, 0x000000008bf00000|100%| O|  |TAMS 0x000000008bf00000, 0x000000008be00000| Untracked 
| 191|0x000000008bf00000, 0x000000008c000000, 0x000000008c000000|100%| O|  |TAMS 0x000000008c000000, 0x000000008bf00000| Untracked 
| 192|0x000000008c000000, 0x000000008c000000, 0x000000008c100000|  0%| F|  |TAMS 0x000000008c000000, 0x000000008c000000| Untracked 
| 193|0x000000008c100000, 0x000000008c100000, 0x000000008c200000|  0%| F|  |TAMS 0x000000008c100000, 0x000000008c100000| Untracked 
| 194|0x000000008c200000, 0x000000008c200000, 0x000000008c300000|  0%| F|  |TAMS 0x000000008c200000, 0x000000008c200000| Untracked 
| 195|0x000000008c300000, 0x000000008c400000, 0x000000008c400000|100%| O|  |TAMS 0x000000008c400000, 0x000000008c300000| Untracked 
| 196|0x000000008c400000, 0x000000008c500000, 0x000000008c500000|100%| O|  |TAMS 0x000000008c500000, 0x000000008c400000| Untracked 
| 197|0x000000008c500000, 0x000000008c600000, 0x000000008c600000|100%| O|  |TAMS 0x000000008c600000, 0x000000008c500000| Untracked 
| 198|0x000000008c600000, 0x000000008c700000, 0x000000008c700000|100%| O|  |TAMS 0x000000008c700000, 0x000000008c600000| Untracked 
| 199|0x000000008c700000, 0x000000008c800000, 0x000000008c800000|100%| O|  |TAMS 0x000000008c800000, 0x000000008c700000| Untracked 
| 200|0x000000008c800000, 0x000000008c900000, 0x000000008c900000|100%| O|  |TAMS 0x000000008c900000, 0x000000008c800000| Untracked 
| 201|0x000000008c900000, 0x000000008ca00000, 0x000000008ca00000|100%| O|  |TAMS 0x000000008ca00000, 0x000000008c900000| Untracked 
| 202|0x000000008ca00000, 0x000000008cb00000, 0x000000008cb00000|100%| O|  |TAMS 0x000000008cb00000, 0x000000008ca00000| Untracked 
| 203|0x000000008cb00000, 0x000000008cc00000, 0x000000008cc00000|100%| O|  |TAMS 0x000000008cc00000, 0x000000008cb00000| Untracked 
| 204|0x000000008cc00000, 0x000000008cd00000, 0x000000008cd00000|100%| O|  |TAMS 0x000000008cd00000, 0x000000008cc00000| Untracked 
| 205|0x000000008cd00000, 0x000000008ce00000, 0x000000008ce00000|100%| O|  |TAMS 0x000000008ce00000, 0x000000008cd00000| Untracked 
| 206|0x000000008ce00000, 0x000000008cf00000, 0x000000008cf00000|100%| O|  |TAMS 0x000000008cf00000, 0x000000008ce00000| Untracked 
| 207|0x000000008cf00000, 0x000000008cf00000, 0x000000008d000000|  0%| F|  |TAMS 0x000000008cf00000, 0x000000008cf00000| Untracked 
| 208|0x000000008d000000, 0x000000008d000000, 0x000000008d100000|  0%| F|  |TAMS 0x000000008d000000, 0x000000008d000000| Untracked 
| 209|0x000000008d100000, 0x000000008d100000, 0x000000008d200000|  0%| F|  |TAMS 0x000000008d100000, 0x000000008d100000| Untracked 
| 210|0x000000008d200000, 0x000000008d200000, 0x000000008d300000|  0%| F|  |TAMS 0x000000008d200000, 0x000000008d200000| Untracked 
| 211|0x000000008d300000, 0x000000008d400000, 0x000000008d400000|100%| O|  |TAMS 0x000000008d400000, 0x000000008d300000| Untracked 
| 212|0x000000008d400000, 0x000000008d500000, 0x000000008d500000|100%| O|  |TAMS 0x000000008d500000, 0x000000008d400000| Untracked 
| 213|0x000000008d500000, 0x000000008d500000, 0x000000008d600000|  0%| F|  |TAMS 0x000000008d500000, 0x000000008d500000| Untracked 
| 214|0x000000008d600000, 0x000000008d600000, 0x000000008d700000|  0%| F|  |TAMS 0x000000008d600000, 0x000000008d600000| Untracked 
| 215|0x000000008d700000, 0x000000008d800000, 0x000000008d800000|100%| O|  |TAMS 0x000000008d800000, 0x000000008d700000| Untracked 
| 216|0x000000008d800000, 0x000000008d900000, 0x000000008d900000|100%| O|  |TAMS 0x000000008d900000, 0x000000008d800000| Untracked 
| 217|0x000000008d900000, 0x000000008da00000, 0x000000008da00000|100%|HS|  |TAMS 0x000000008da00000, 0x000000008d900000| Complete 
| 218|0x000000008da00000, 0x000000008db00000, 0x000000008db00000|100%|HC|  |TAMS 0x000000008db00000, 0x000000008da00000| Complete 
| 219|0x000000008db00000, 0x000000008dc00000, 0x000000008dc00000|100%| O|  |TAMS 0x000000008dc00000, 0x000000008db00000| Untracked 
| 220|0x000000008dc00000, 0x000000008dd00000, 0x000000008dd00000|100%| O|  |TAMS 0x000000008dd00000, 0x000000008dc00000| Untracked 
| 221|0x000000008dd00000, 0x000000008de00000, 0x000000008de00000|100%| O|  |TAMS 0x000000008de00000, 0x000000008dd00000| Untracked 
| 222|0x000000008de00000, 0x000000008df00000, 0x000000008df00000|100%| O|  |TAMS 0x000000008df00000, 0x000000008de00000| Untracked 
| 223|0x000000008df00000, 0x000000008df00000, 0x000000008e000000|  0%| F|  |TAMS 0x000000008df00000, 0x000000008df00000| Untracked 
| 224|0x000000008e000000, 0x000000008e100000, 0x000000008e100000|100%| O|  |TAMS 0x000000008e100000, 0x000000008e000000| Untracked 
| 225|0x000000008e100000, 0x000000008e200000, 0x000000008e200000|100%| O|  |TAMS 0x000000008e200000, 0x000000008e100000| Untracked 
| 226|0x000000008e200000, 0x000000008e300000, 0x000000008e300000|100%| O|  |TAMS 0x000000008e300000, 0x000000008e200000| Untracked 
| 227|0x000000008e300000, 0x000000008e400000, 0x000000008e400000|100%| O|  |TAMS 0x000000008e400000, 0x000000008e300000| Untracked 
| 228|0x000000008e400000, 0x000000008e500000, 0x000000008e500000|100%| O|  |TAMS 0x000000008e500000, 0x000000008e400000| Untracked 
| 229|0x000000008e500000, 0x000000008e600000, 0x000000008e600000|100%| O|  |TAMS 0x000000008e600000, 0x000000008e500000| Untracked 
| 230|0x000000008e600000, 0x000000008e700000, 0x000000008e700000|100%| O|  |TAMS 0x000000008e700000, 0x000000008e600000| Untracked 
| 231|0x000000008e700000, 0x000000008e800000, 0x000000008e800000|100%| O|  |TAMS 0x000000008e800000, 0x000000008e700000| Untracked 
| 232|0x000000008e800000, 0x000000008e800000, 0x000000008e900000|  0%| F|  |TAMS 0x000000008e800000, 0x000000008e800000| Untracked 
| 233|0x000000008e900000, 0x000000008ea00000, 0x000000008ea00000|100%| O|  |TAMS 0x000000008ea00000, 0x000000008e900000| Untracked 
| 234|0x000000008ea00000, 0x000000008eb00000, 0x000000008eb00000|100%| O|  |TAMS 0x000000008eb00000, 0x000000008ea00000| Untracked 
| 235|0x000000008eb00000, 0x000000008ec00000, 0x000000008ec00000|100%| O|  |TAMS 0x000000008ec00000, 0x000000008eb00000| Untracked 
| 236|0x000000008ec00000, 0x000000008ed00000, 0x000000008ed00000|100%| O|  |TAMS 0x000000008ed00000, 0x000000008ec00000| Untracked 
| 237|0x000000008ed00000, 0x000000008ed00000, 0x000000008ee00000|  0%| F|  |TAMS 0x000000008ed00000, 0x000000008ed00000| Untracked 
| 238|0x000000008ee00000, 0x000000008ee00000, 0x000000008ef00000|  0%| F|  |TAMS 0x000000008ee00000, 0x000000008ee00000| Untracked 
| 239|0x000000008ef00000, 0x000000008f000000, 0x000000008f000000|100%| O|  |TAMS 0x000000008f000000, 0x000000008ef00000| Untracked 
| 240|0x000000008f000000, 0x000000008f000000, 0x000000008f100000|  0%| F|  |TAMS 0x000000008f000000, 0x000000008f000000| Untracked 
| 241|0x000000008f100000, 0x000000008f100000, 0x000000008f200000|  0%| F|  |TAMS 0x000000008f100000, 0x000000008f100000| Untracked 
| 242|0x000000008f200000, 0x000000008f200000, 0x000000008f300000|  0%| F|  |TAMS 0x000000008f200000, 0x000000008f200000| Untracked 
| 243|0x000000008f300000, 0x000000008f300000, 0x000000008f400000|  0%| F|  |TAMS 0x000000008f300000, 0x000000008f300000| Untracked 
| 244|0x000000008f400000, 0x000000008f400000, 0x000000008f500000|  0%| F|  |TAMS 0x000000008f400000, 0x000000008f400000| Untracked 
| 245|0x000000008f500000, 0x000000008f500000, 0x000000008f600000|  0%| F|  |TAMS 0x000000008f500000, 0x000000008f500000| Untracked 
| 246|0x000000008f600000, 0x000000008f600000, 0x000000008f700000|  0%| F|  |TAMS 0x000000008f600000, 0x000000008f600000| Untracked 
| 247|0x000000008f700000, 0x000000008f700000, 0x000000008f800000|  0%| F|  |TAMS 0x000000008f700000, 0x000000008f700000| Untracked 
| 248|0x000000008f800000, 0x000000008f800000, 0x000000008f900000|  0%| F|  |TAMS 0x000000008f800000, 0x000000008f800000| Untracked 
| 249|0x000000008f900000, 0x000000008f900000, 0x000000008fa00000|  0%| F|  |TAMS 0x000000008f900000, 0x000000008f900000| Untracked 
| 250|0x000000008fa00000, 0x000000008fa00000, 0x000000008fb00000|  0%| F|  |TAMS 0x000000008fa00000, 0x000000008fa00000| Untracked 
| 251|0x000000008fb00000, 0x000000008fb11490, 0x000000008fc00000|  6%| S|CS|TAMS 0x000000008fb00000, 0x000000008fb00000| Complete 
| 252|0x000000008fc00000, 0x000000008fd00000, 0x000000008fd00000|100%| S|CS|TAMS 0x000000008fc00000, 0x000000008fc00000| Complete 
| 253|0x000000008fd00000, 0x000000008fe00000, 0x000000008fe00000|100%| S|CS|TAMS 0x000000008fd00000, 0x000000008fd00000| Complete 
| 254|0x000000008fe00000, 0x000000008ff00000, 0x000000008ff00000|100%| S|CS|TAMS 0x000000008fe00000, 0x000000008fe00000| Complete 
| 255|0x000000008ff00000, 0x0000000090000000, 0x0000000090000000|100%| S|CS|TAMS 0x000000008ff00000, 0x000000008ff00000| Complete 
| 256|0x0000000090000000, 0x0000000090100000, 0x0000000090100000|100%| S|CS|TAMS 0x0000000090000000, 0x0000000090000000| Complete 
| 257|0x0000000090100000, 0x0000000090200000, 0x0000000090200000|100%| S|CS|TAMS 0x0000000090100000, 0x0000000090100000| Complete 
| 258|0x0000000090200000, 0x0000000090300000, 0x0000000090300000|100%| S|CS|TAMS 0x0000000090200000, 0x0000000090200000| Complete 
| 259|0x0000000090300000, 0x0000000090400000, 0x0000000090400000|100%| S|CS|TAMS 0x0000000090300000, 0x0000000090300000| Complete 
| 260|0x0000000090400000, 0x0000000090500000, 0x0000000090500000|100%| S|CS|TAMS 0x0000000090400000, 0x0000000090400000| Complete 
| 261|0x0000000090500000, 0x0000000090600000, 0x0000000090600000|100%| S|CS|TAMS 0x0000000090500000, 0x0000000090500000| Complete 
| 262|0x0000000090600000, 0x0000000090700000, 0x0000000090700000|100%| S|CS|TAMS 0x0000000090600000, 0x0000000090600000| Complete 
| 263|0x0000000090700000, 0x0000000090700000, 0x0000000090800000|  0%| F|  |TAMS 0x0000000090700000, 0x0000000090700000| Untracked 
| 264|0x0000000090800000, 0x0000000090800000, 0x0000000090900000|  0%| F|  |TAMS 0x0000000090800000, 0x0000000090800000| Untracked 
| 265|0x0000000090900000, 0x0000000090900000, 0x0000000090a00000|  0%| F|  |TAMS 0x0000000090900000, 0x0000000090900000| Untracked 
| 266|0x0000000090a00000, 0x0000000090a00000, 0x0000000090b00000|  0%| F|  |TAMS 0x0000000090a00000, 0x0000000090a00000| Untracked 
| 267|0x0000000090b00000, 0x0000000090b00000, 0x0000000090c00000|  0%| F|  |TAMS 0x0000000090b00000, 0x0000000090b00000| Untracked 
| 268|0x0000000090c00000, 0x0000000090c00000, 0x0000000090d00000|  0%| F|  |TAMS 0x0000000090c00000, 0x0000000090c00000| Untracked 
| 269|0x0000000090d00000, 0x0000000090d00000, 0x0000000090e00000|  0%| F|  |TAMS 0x0000000090d00000, 0x0000000090d00000| Untracked 
| 270|0x0000000090e00000, 0x0000000090e00000, 0x0000000090f00000|  0%| F|  |TAMS 0x0000000090e00000, 0x0000000090e00000| Untracked 
| 271|0x0000000090f00000, 0x0000000090f00000, 0x0000000091000000|  0%| F|  |TAMS 0x0000000090f00000, 0x0000000090f00000| Untracked 
| 272|0x0000000091000000, 0x0000000091000000, 0x0000000091100000|  0%| F|  |TAMS 0x0000000091000000, 0x0000000091000000| Untracked 
| 273|0x0000000091100000, 0x0000000091100000, 0x0000000091200000|  0%| F|  |TAMS 0x0000000091100000, 0x0000000091100000| Untracked 
| 274|0x0000000091200000, 0x0000000091200000, 0x0000000091300000|  0%| F|  |TAMS 0x0000000091200000, 0x0000000091200000| Untracked 
| 275|0x0000000091300000, 0x0000000091300000, 0x0000000091400000|  0%| F|  |TAMS 0x0000000091300000, 0x0000000091300000| Untracked 
| 276|0x0000000091400000, 0x0000000091400000, 0x0000000091500000|  0%| F|  |TAMS 0x0000000091400000, 0x0000000091400000| Untracked 
| 277|0x0000000091500000, 0x0000000091500000, 0x0000000091600000|  0%| F|  |TAMS 0x0000000091500000, 0x0000000091500000| Untracked 
| 278|0x0000000091600000, 0x0000000091600000, 0x0000000091700000|  0%| F|  |TAMS 0x0000000091600000, 0x0000000091600000| Untracked 
| 279|0x0000000091700000, 0x0000000091700000, 0x0000000091800000|  0%| F|  |TAMS 0x0000000091700000, 0x0000000091700000| Untracked 
| 280|0x0000000091800000, 0x0000000091800000, 0x0000000091900000|  0%| F|  |TAMS 0x0000000091800000, 0x0000000091800000| Untracked 
| 281|0x0000000091900000, 0x0000000091900000, 0x0000000091a00000|  0%| F|  |TAMS 0x0000000091900000, 0x0000000091900000| Untracked 
| 282|0x0000000091a00000, 0x0000000091a00000, 0x0000000091b00000|  0%| F|  |TAMS 0x0000000091a00000, 0x0000000091a00000| Untracked 
| 283|0x0000000091b00000, 0x0000000091b00000, 0x0000000091c00000|  0%| F|  |TAMS 0x0000000091b00000, 0x0000000091b00000| Untracked 
| 284|0x0000000091c00000, 0x0000000091c00000, 0x0000000091d00000|  0%| F|  |TAMS 0x0000000091c00000, 0x0000000091c00000| Untracked 
| 285|0x0000000091d00000, 0x0000000091d00000, 0x0000000091e00000|  0%| F|  |TAMS 0x0000000091d00000, 0x0000000091d00000| Untracked 
| 286|0x0000000091e00000, 0x0000000091e00000, 0x0000000091f00000|  0%| F|  |TAMS 0x0000000091e00000, 0x0000000091e00000| Untracked 
| 287|0x0000000091f00000, 0x0000000091f00000, 0x0000000092000000|  0%| F|  |TAMS 0x0000000091f00000, 0x0000000091f00000| Untracked 
| 288|0x0000000092000000, 0x0000000092000000, 0x0000000092100000|  0%| F|  |TAMS 0x0000000092000000, 0x0000000092000000| Untracked 
| 289|0x0000000092100000, 0x0000000092100000, 0x0000000092200000|  0%| F|  |TAMS 0x0000000092100000, 0x0000000092100000| Untracked 
| 290|0x0000000092200000, 0x0000000092200000, 0x0000000092300000|  0%| F|  |TAMS 0x0000000092200000, 0x0000000092200000| Untracked 
| 291|0x0000000092300000, 0x0000000092300000, 0x0000000092400000|  0%| F|  |TAMS 0x0000000092300000, 0x0000000092300000| Untracked 
| 292|0x0000000092400000, 0x0000000092400000, 0x0000000092500000|  0%| F|  |TAMS 0x0000000092400000, 0x0000000092400000| Untracked 
| 293|0x0000000092500000, 0x0000000092500000, 0x0000000092600000|  0%| F|  |TAMS 0x0000000092500000, 0x0000000092500000| Untracked 
| 294|0x0000000092600000, 0x0000000092600000, 0x0000000092700000|  0%| F|  |TAMS 0x0000000092600000, 0x0000000092600000| Untracked 
| 295|0x0000000092700000, 0x0000000092700000, 0x0000000092800000|  0%| F|  |TAMS 0x0000000092700000, 0x0000000092700000| Untracked 
| 296|0x0000000092800000, 0x0000000092800000, 0x0000000092900000|  0%| F|  |TAMS 0x0000000092800000, 0x0000000092800000| Untracked 
| 297|0x0000000092900000, 0x0000000092900000, 0x0000000092a00000|  0%| F|  |TAMS 0x0000000092900000, 0x0000000092900000| Untracked 
| 298|0x0000000092a00000, 0x0000000092a00000, 0x0000000092b00000|  0%| F|  |TAMS 0x0000000092a00000, 0x0000000092a00000| Untracked 
| 299|0x0000000092b00000, 0x0000000092b00000, 0x0000000092c00000|  0%| F|  |TAMS 0x0000000092b00000, 0x0000000092b00000| Untracked 
| 300|0x0000000092c00000, 0x0000000092c00000, 0x0000000092d00000|  0%| F|  |TAMS 0x0000000092c00000, 0x0000000092c00000| Untracked 
| 301|0x0000000092d00000, 0x0000000092d00000, 0x0000000092e00000|  0%| F|  |TAMS 0x0000000092d00000, 0x0000000092d00000| Untracked 
| 302|0x0000000092e00000, 0x0000000092e00000, 0x0000000092f00000|  0%| F|  |TAMS 0x0000000092e00000, 0x0000000092e00000| Untracked 
| 303|0x0000000092f00000, 0x0000000092f00000, 0x0000000093000000|  0%| F|  |TAMS 0x0000000092f00000, 0x0000000092f00000| Untracked 
| 304|0x0000000093000000, 0x0000000093000000, 0x0000000093100000|  0%| F|  |TAMS 0x0000000093000000, 0x0000000093000000| Untracked 
| 305|0x0000000093100000, 0x0000000093100000, 0x0000000093200000|  0%| F|  |TAMS 0x0000000093100000, 0x0000000093100000| Untracked 
| 306|0x0000000093200000, 0x0000000093200000, 0x0000000093300000|  0%| F|  |TAMS 0x0000000093200000, 0x0000000093200000| Untracked 
| 307|0x0000000093300000, 0x0000000093300000, 0x0000000093400000|  0%| F|  |TAMS 0x0000000093300000, 0x0000000093300000| Untracked 
| 308|0x0000000093400000, 0x0000000093400000, 0x0000000093500000|  0%| F|  |TAMS 0x0000000093400000, 0x0000000093400000| Untracked 
| 309|0x0000000093500000, 0x0000000093500000, 0x0000000093600000|  0%| F|  |TAMS 0x0000000093500000, 0x0000000093500000| Untracked 
| 310|0x0000000093600000, 0x0000000093600000, 0x0000000093700000|  0%| F|  |TAMS 0x0000000093600000, 0x0000000093600000| Untracked 
| 311|0x0000000093700000, 0x0000000093700000, 0x0000000093800000|  0%| F|  |TAMS 0x0000000093700000, 0x0000000093700000| Untracked 
| 312|0x0000000093800000, 0x0000000093800000, 0x0000000093900000|  0%| F|  |TAMS 0x0000000093800000, 0x0000000093800000| Untracked 
| 313|0x0000000093900000, 0x0000000093900000, 0x0000000093a00000|  0%| F|  |TAMS 0x0000000093900000, 0x0000000093900000| Untracked 
| 314|0x0000000093a00000, 0x0000000093a00000, 0x0000000093b00000|  0%| F|  |TAMS 0x0000000093a00000, 0x0000000093a00000| Untracked 
| 315|0x0000000093b00000, 0x0000000093b00000, 0x0000000093c00000|  0%| F|  |TAMS 0x0000000093b00000, 0x0000000093b00000| Untracked 
| 316|0x0000000093c00000, 0x0000000093c00000, 0x0000000093d00000|  0%| F|  |TAMS 0x0000000093c00000, 0x0000000093c00000| Untracked 
| 317|0x0000000093d00000, 0x0000000093d00000, 0x0000000093e00000|  0%| F|  |TAMS 0x0000000093d00000, 0x0000000093d00000| Untracked 
| 318|0x0000000093e00000, 0x0000000093e00000, 0x0000000093f00000|  0%| F|  |TAMS 0x0000000093e00000, 0x0000000093e00000| Untracked 
| 319|0x0000000093f00000, 0x0000000093f00000, 0x0000000094000000|  0%| F|  |TAMS 0x0000000093f00000, 0x0000000093f00000| Untracked 
| 320|0x0000000094000000, 0x0000000094000000, 0x0000000094100000|  0%| F|  |TAMS 0x0000000094000000, 0x0000000094000000| Untracked 
| 321|0x0000000094100000, 0x0000000094100000, 0x0000000094200000|  0%| F|  |TAMS 0x0000000094100000, 0x0000000094100000| Untracked 
| 322|0x0000000094200000, 0x0000000094200000, 0x0000000094300000|  0%| F|  |TAMS 0x0000000094200000, 0x0000000094200000| Untracked 
| 323|0x0000000094300000, 0x0000000094300000, 0x0000000094400000|  0%| F|  |TAMS 0x0000000094300000, 0x0000000094300000| Untracked 
| 324|0x0000000094400000, 0x0000000094400000, 0x0000000094500000|  0%| F|  |TAMS 0x0000000094400000, 0x0000000094400000| Untracked 
| 325|0x0000000094500000, 0x0000000094500000, 0x0000000094600000|  0%| F|  |TAMS 0x0000000094500000, 0x0000000094500000| Untracked 
| 326|0x0000000094600000, 0x0000000094600000, 0x0000000094700000|  0%| F|  |TAMS 0x0000000094600000, 0x0000000094600000| Untracked 
| 327|0x0000000094700000, 0x0000000094700000, 0x0000000094800000|  0%| F|  |TAMS 0x0000000094700000, 0x0000000094700000| Untracked 
| 328|0x0000000094800000, 0x0000000094800000, 0x0000000094900000|  0%| F|  |TAMS 0x0000000094800000, 0x0000000094800000| Untracked 
| 329|0x0000000094900000, 0x0000000094900000, 0x0000000094a00000|  0%| F|  |TAMS 0x0000000094900000, 0x0000000094900000| Untracked 
| 330|0x0000000094a00000, 0x0000000094a00000, 0x0000000094b00000|  0%| F|  |TAMS 0x0000000094a00000, 0x0000000094a00000| Untracked 
| 331|0x0000000094b00000, 0x0000000094b00000, 0x0000000094c00000|  0%| F|  |TAMS 0x0000000094b00000, 0x0000000094b00000| Untracked 
| 332|0x0000000094c00000, 0x0000000094c00000, 0x0000000094d00000|  0%| F|  |TAMS 0x0000000094c00000, 0x0000000094c00000| Untracked 
| 333|0x0000000094d00000, 0x0000000094d00000, 0x0000000094e00000|  0%| F|  |TAMS 0x0000000094d00000, 0x0000000094d00000| Untracked 
| 334|0x0000000094e00000, 0x0000000094e00000, 0x0000000094f00000|  0%| F|  |TAMS 0x0000000094e00000, 0x0000000094e00000| Untracked 
| 335|0x0000000094f00000, 0x0000000094f00000, 0x0000000095000000|  0%| F|  |TAMS 0x0000000094f00000, 0x0000000094f00000| Untracked 
| 336|0x0000000095000000, 0x0000000095000000, 0x0000000095100000|  0%| F|  |TAMS 0x0000000095000000, 0x0000000095000000| Untracked 
| 337|0x0000000095100000, 0x0000000095100000, 0x0000000095200000|  0%| F|  |TAMS 0x0000000095100000, 0x0000000095100000| Untracked 
| 338|0x0000000095200000, 0x0000000095200000, 0x0000000095300000|  0%| F|  |TAMS 0x0000000095200000, 0x0000000095200000| Untracked 
| 339|0x0000000095300000, 0x0000000095300000, 0x0000000095400000|  0%| F|  |TAMS 0x0000000095300000, 0x0000000095300000| Untracked 
| 340|0x0000000095400000, 0x0000000095400000, 0x0000000095500000|  0%| F|  |TAMS 0x0000000095400000, 0x0000000095400000| Untracked 
| 341|0x0000000095500000, 0x0000000095500000, 0x0000000095600000|  0%| F|  |TAMS 0x0000000095500000, 0x0000000095500000| Untracked 
| 342|0x0000000095600000, 0x0000000095600000, 0x0000000095700000|  0%| F|  |TAMS 0x0000000095600000, 0x0000000095600000| Untracked 
| 343|0x0000000095700000, 0x0000000095700000, 0x0000000095800000|  0%| F|  |TAMS 0x0000000095700000, 0x0000000095700000| Untracked 
| 344|0x0000000095800000, 0x0000000095800000, 0x0000000095900000|  0%| F|  |TAMS 0x0000000095800000, 0x0000000095800000| Untracked 
| 345|0x0000000095900000, 0x0000000095900000, 0x0000000095a00000|  0%| F|  |TAMS 0x0000000095900000, 0x0000000095900000| Untracked 
| 346|0x0000000095a00000, 0x0000000095a00000, 0x0000000095b00000|  0%| F|  |TAMS 0x0000000095a00000, 0x0000000095a00000| Untracked 
| 347|0x0000000095b00000, 0x0000000095b00000, 0x0000000095c00000|  0%| F|  |TAMS 0x0000000095b00000, 0x0000000095b00000| Untracked 
| 348|0x0000000095c00000, 0x0000000095c00000, 0x0000000095d00000|  0%| F|  |TAMS 0x0000000095c00000, 0x0000000095c00000| Untracked 
| 349|0x0000000095d00000, 0x0000000095d00000, 0x0000000095e00000|  0%| F|  |TAMS 0x0000000095d00000, 0x0000000095d00000| Untracked 
| 350|0x0000000095e00000, 0x0000000095e00000, 0x0000000095f00000|  0%| F|  |TAMS 0x0000000095e00000, 0x0000000095e00000| Untracked 
| 351|0x0000000095f00000, 0x0000000095f00000, 0x0000000096000000|  0%| F|  |TAMS 0x0000000095f00000, 0x0000000095f00000| Untracked 
| 352|0x0000000096000000, 0x0000000096000000, 0x0000000096100000|  0%| F|  |TAMS 0x0000000096000000, 0x0000000096000000| Untracked 
| 353|0x0000000096100000, 0x0000000096100000, 0x0000000096200000|  0%| F|  |TAMS 0x0000000096100000, 0x0000000096100000| Untracked 
| 354|0x0000000096200000, 0x0000000096200000, 0x0000000096300000|  0%| F|  |TAMS 0x0000000096200000, 0x0000000096200000| Untracked 
| 355|0x0000000096300000, 0x0000000096300000, 0x0000000096400000|  0%| F|  |TAMS 0x0000000096300000, 0x0000000096300000| Untracked 
| 356|0x0000000096400000, 0x0000000096400000, 0x0000000096500000|  0%| F|  |TAMS 0x0000000096400000, 0x0000000096400000| Untracked 
| 357|0x0000000096500000, 0x0000000096500000, 0x0000000096600000|  0%| F|  |TAMS 0x0000000096500000, 0x0000000096500000| Untracked 
| 358|0x0000000096600000, 0x0000000096600000, 0x0000000096700000|  0%| F|  |TAMS 0x0000000096600000, 0x0000000096600000| Untracked 
| 359|0x0000000096700000, 0x0000000096700000, 0x0000000096800000|  0%| F|  |TAMS 0x0000000096700000, 0x0000000096700000| Untracked 
| 360|0x0000000096800000, 0x0000000096800000, 0x0000000096900000|  0%| F|  |TAMS 0x0000000096800000, 0x0000000096800000| Untracked 
| 361|0x0000000096900000, 0x0000000096900000, 0x0000000096a00000|  0%| F|  |TAMS 0x0000000096900000, 0x0000000096900000| Untracked 
| 362|0x0000000096a00000, 0x0000000096a00000, 0x0000000096b00000|  0%| F|  |TAMS 0x0000000096a00000, 0x0000000096a00000| Untracked 
| 363|0x0000000096b00000, 0x0000000096b00000, 0x0000000096c00000|  0%| F|  |TAMS 0x0000000096b00000, 0x0000000096b00000| Untracked 
| 364|0x0000000096c00000, 0x0000000096c00000, 0x0000000096d00000|  0%| F|  |TAMS 0x0000000096c00000, 0x0000000096c00000| Untracked 
| 365|0x0000000096d00000, 0x0000000096d00000, 0x0000000096e00000|  0%| F|  |TAMS 0x0000000096d00000, 0x0000000096d00000| Untracked 
| 366|0x0000000096e00000, 0x0000000096e00000, 0x0000000096f00000|  0%| F|  |TAMS 0x0000000096e00000, 0x0000000096e00000| Untracked 
| 367|0x0000000096f00000, 0x0000000096f00000, 0x0000000097000000|  0%| F|  |TAMS 0x0000000096f00000, 0x0000000096f00000| Untracked 
| 368|0x0000000097000000, 0x0000000097000000, 0x0000000097100000|  0%| F|  |TAMS 0x0000000097000000, 0x0000000097000000| Untracked 
| 369|0x0000000097100000, 0x0000000097100000, 0x0000000097200000|  0%| F|  |TAMS 0x0000000097100000, 0x0000000097100000| Untracked 
| 370|0x0000000097200000, 0x0000000097200000, 0x0000000097300000|  0%| F|  |TAMS 0x0000000097200000, 0x0000000097200000| Untracked 
| 371|0x0000000097300000, 0x0000000097300000, 0x0000000097400000|  0%| F|  |TAMS 0x0000000097300000, 0x0000000097300000| Untracked 
| 372|0x0000000097400000, 0x0000000097400000, 0x0000000097500000|  0%| F|  |TAMS 0x0000000097400000, 0x0000000097400000| Untracked 
| 373|0x0000000097500000, 0x0000000097500000, 0x0000000097600000|  0%| F|  |TAMS 0x0000000097500000, 0x0000000097500000| Untracked 
| 374|0x0000000097600000, 0x0000000097600000, 0x0000000097700000|  0%| F|  |TAMS 0x0000000097600000, 0x0000000097600000| Untracked 
| 375|0x0000000097700000, 0x0000000097700000, 0x0000000097800000|  0%| F|  |TAMS 0x0000000097700000, 0x0000000097700000| Untracked 
| 376|0x0000000097800000, 0x0000000097800000, 0x0000000097900000|  0%| F|  |TAMS 0x0000000097800000, 0x0000000097800000| Untracked 
| 377|0x0000000097900000, 0x0000000097900000, 0x0000000097a00000|  0%| F|  |TAMS 0x0000000097900000, 0x0000000097900000| Untracked 
| 378|0x0000000097a00000, 0x0000000097a00000, 0x0000000097b00000|  0%| F|  |TAMS 0x0000000097a00000, 0x0000000097a00000| Untracked 
| 379|0x0000000097b00000, 0x0000000097b00000, 0x0000000097c00000|  0%| F|  |TAMS 0x0000000097b00000, 0x0000000097b00000| Untracked 
| 380|0x0000000097c00000, 0x0000000097c00000, 0x0000000097d00000|  0%| F|  |TAMS 0x0000000097c00000, 0x0000000097c00000| Untracked 
| 381|0x0000000097d00000, 0x0000000097d00000, 0x0000000097e00000|  0%| F|  |TAMS 0x0000000097d00000, 0x0000000097d00000| Untracked 
| 382|0x0000000097e00000, 0x0000000097e00000, 0x0000000097f00000|  0%| F|  |TAMS 0x0000000097e00000, 0x0000000097e00000| Untracked 
| 383|0x0000000097f00000, 0x0000000097f00000, 0x0000000098000000|  0%| F|  |TAMS 0x0000000097f00000, 0x0000000097f00000| Untracked 
| 384|0x0000000098000000, 0x0000000098000000, 0x0000000098100000|  0%| F|  |TAMS 0x0000000098000000, 0x0000000098000000| Untracked 
| 385|0x0000000098100000, 0x0000000098100000, 0x0000000098200000|  0%| F|  |TAMS 0x0000000098100000, 0x0000000098100000| Untracked 
| 386|0x0000000098200000, 0x0000000098200000, 0x0000000098300000|  0%| F|  |TAMS 0x0000000098200000, 0x0000000098200000| Untracked 
| 387|0x0000000098300000, 0x0000000098300000, 0x0000000098400000|  0%| F|  |TAMS 0x0000000098300000, 0x0000000098300000| Untracked 
| 388|0x0000000098400000, 0x0000000098400000, 0x0000000098500000|  0%| F|  |TAMS 0x0000000098400000, 0x0000000098400000| Untracked 
| 389|0x0000000098500000, 0x0000000098500000, 0x0000000098600000|  0%| F|  |TAMS 0x0000000098500000, 0x0000000098500000| Untracked 
| 390|0x0000000098600000, 0x0000000098600000, 0x0000000098700000|  0%| F|  |TAMS 0x0000000098600000, 0x0000000098600000| Untracked 
| 391|0x0000000098700000, 0x0000000098700000, 0x0000000098800000|  0%| F|  |TAMS 0x0000000098700000, 0x0000000098700000| Untracked 
| 392|0x0000000098800000, 0x0000000098800000, 0x0000000098900000|  0%| F|  |TAMS 0x0000000098800000, 0x0000000098800000| Untracked 
| 393|0x0000000098900000, 0x0000000098900000, 0x0000000098a00000|  0%| F|  |TAMS 0x0000000098900000, 0x0000000098900000| Untracked 
| 394|0x0000000098a00000, 0x0000000098a00000, 0x0000000098b00000|  0%| F|  |TAMS 0x0000000098a00000, 0x0000000098a00000| Untracked 
| 395|0x0000000098b00000, 0x0000000098b00000, 0x0000000098c00000|  0%| F|  |TAMS 0x0000000098b00000, 0x0000000098b00000| Untracked 
| 396|0x0000000098c00000, 0x0000000098c00000, 0x0000000098d00000|  0%| F|  |TAMS 0x0000000098c00000, 0x0000000098c00000| Untracked 
| 397|0x0000000098d00000, 0x0000000098d00000, 0x0000000098e00000|  0%| F|  |TAMS 0x0000000098d00000, 0x0000000098d00000| Untracked 
| 398|0x0000000098e00000, 0x0000000098e00000, 0x0000000098f00000|  0%| F|  |TAMS 0x0000000098e00000, 0x0000000098e00000| Untracked 

Card table byte_map: [0x00000222aec50000,0x00000222af050000] _byte_map_base: 0x00000222ae850000

Marking Bits (Prev, Next): (CMBitMap*) 0x0000022299f60350, (CMBitMap*) 0x0000022299f60310
 Prev Bits: [0x00000222b1450000, 0x00000222b3450000)
 Next Bits: [0x00000222af450000, 0x00000222b1450000)

Polling page: 0x0000022299c00000

Metaspace:

Usage:
  Non-class:    139.66 MB used.
      Class:     20.96 MB used.
       Both:    160.62 MB used.

Virtual space:
  Non-class space:      144.00 MB reserved,     140.38 MB ( 97%) committed,  18 nodes.
      Class space:        1.00 GB reserved,      21.69 MB (  2%) committed,  1 nodes.
             Both:        1.14 GB reserved,     162.06 MB ( 14%) committed. 

Chunk freelists:
   Non-Class:  2.78 MB
       Class:  2.37 MB
        Both:  5.15 MB

MaxMetaspaceSize: unlimited
CompressedClassSpaceSize: 1.00 GB
Initial GC threshold: 21.00 MB
Current GC threshold: 267.75 MB
CDS: off
MetaspaceReclaimPolicy: balanced
 - commit_granule_bytes: 65536.
 - commit_granule_words: 8192.
 - virtual_space_node_default_size: 1048576.
 - enlarge_chunks_in_place: 1.
 - new_chunks_are_fully_committed: 0.
 - uncommit_free_chunks: 1.
 - use_allocation_guard: 0.
 - handle_deallocations: 1.


Internal statistics:

num_allocs_failed_limit: 12.
num_arena_births: 2664.
num_arena_deaths: 22.
num_vsnodes_births: 19.
num_vsnodes_deaths: 0.
num_space_committed: 2592.
num_space_uncommitted: 0.
num_chunks_returned_to_freelist: 44.
num_chunks_taken_from_freelist: 9174.
num_chunk_merges: 27.
num_chunk_splits: 5952.
num_chunks_enlarged: 3731.
num_purges: 2.
num_inconsistent_stats: 0.

CodeHeap 'non-profiled nmethods': size=120000Kb used=16677Kb max_used=16677Kb free=103322Kb
 bounds [0x00000222a66a0000, 0x00000222a76f0000, 0x00000222adbd0000]
CodeHeap 'profiled nmethods': size=120000Kb used=43138Kb max_used=43138Kb free=76861Kb
 bounds [0x000002229ebd0000, 0x00000222a1600000, 0x00000222a6100000]
CodeHeap 'non-nmethods': size=5760Kb used=2507Kb max_used=2600Kb free=3252Kb
 bounds [0x00000222a6100000, 0x00000222a63b0000, 0x00000222a66a0000]
 total_blobs=23063 nmethods=22005 adapters=969
 compilation: enabled
              stopped_count=0, restarted_count=0
 full_count=0

Compilation events (20 events):
Event: 1078.189 Thread 0x00000222b6ca8460 26979       3       org.gradle.internal.model.StateTransitionController$InState::hasSeenStateIgnoringTransitions (6 bytes)
Event: 1078.189 Thread 0x00000222b6ca8460 nmethod 26979 0x00000222a15e5890 code [0x00000222a15e5a40, 0x00000222a15e5d88]
Event: 1078.189 Thread 0x00000222b6ca8460 26980   !   3       jdk.internal.reflect.GeneratedConstructorAccessor11::newInstance (61 bytes)
Event: 1078.190 Thread 0x00000222b6ca8460 nmethod 26980 0x00000222a15e5e90 code [0x00000222a15e6200, 0x00000222a15e7818]
Event: 1078.190 Thread 0x00000222b6ca8460 26981   !   3       jdk.internal.reflect.GeneratedConstructorAccessor12::newInstance (61 bytes)
Event: 1078.191 Thread 0x00000222b6ca8460 nmethod 26981 0x00000222a15e8190 code [0x00000222a15e8540, 0x00000222a15e9fc8]
Event: 1078.191 Thread 0x00000222b6ca8460 26982   !   3       jdk.internal.reflect.GeneratedConstructorAccessor13::newInstance (61 bytes)
Event: 1078.192 Thread 0x00000222b6ca8460 nmethod 26982 0x00000222a15eab10 code [0x00000222a15eaec0, 0x00000222a15ec948]
Event: 1078.192 Thread 0x00000222b6ca8460 26983       3       java.lang.invoke.MethodType::invokers (27 bytes)
Event: 1078.192 Thread 0x00000222b6ca8460 nmethod 26983 0x00000222a15ed490 code [0x00000222a15ed640, 0x00000222a15eda78]
Event: 1078.192 Thread 0x00000222b6ca8460 26984       3       org.gradle.api.internal.artifacts.repositories.DefaultMavenArtifactRepository::validateUrl (8 bytes)
Event: 1078.192 Thread 0x00000222b6ca8460 nmethod 26984 0x00000222a15edb90 code [0x00000222a15edd40, 0x00000222a15edea8]
Event: 1078.192 Thread 0x00000222b6ca8460 26985       3       org.gradle.internal.component.local.model.DefaultLocalComponentGraphResolveState::getConfiguration (21 bytes)
Event: 1078.193 Thread 0x00000222b6ca8460 nmethod 26985 0x00000222a15edf90 code [0x00000222a15ee1a0, 0x00000222a15ee958]
Event: 1078.195 Thread 0x00000222b6ca8460 26986       1       org.gradle.api.attributes.plugin.GradlePluginApiVersion$Impl::getName (5 bytes)
Event: 1078.195 Thread 0x00000222b6ca8460 nmethod 26986 0x00000222a76e9310 code [0x00000222a76e94a0, 0x00000222a76e9578]
Event: 1078.207 Thread 0x00000222b6ca8460 26987       3       org.gradle.api.internal.artifacts.repositories.metadata.DefaultMetadataFileSourceCodec::createSource (50 bytes)
Event: 1078.208 Thread 0x00000222b6ca8460 nmethod 26987 0x00000222a15eec10 code [0x00000222a15eee40, 0x00000222a15ef5a8]
Event: 1078.208 Thread 0x00000222b6ca8460 26988       3       org.gradle.internal.resource.local.GroupedAndNamedUniqueFileStore::stripLeadingZeros (36 bytes)
Event: 1078.208 Thread 0x00000222b6ca8460 nmethod 26988 0x00000222a15ef910 code [0x00000222a15efbc0, 0x00000222a15f08e8]

GC Heap History (20 events):
Event: 1036.231 GC heap after
{Heap after GC invocations=72 (full 0):
 garbage-first heap   total 356352K, used 220512K [0x0000000080000000, 0x0000000100000000)
  region size 1024K, 5 young (5120K), 5 survivors (5120K)
 Metaspace       used 150448K, committed 151552K, reserved 1187840K
  class space    used 19780K, committed 20352K, reserved 1048576K
}
Event: 1036.922 GC heap before
{Heap before GC invocations=72 (full 0):
 garbage-first heap   total 356352K, used 303456K [0x0000000080000000, 0x0000000100000000)
  region size 1024K, 79 young (80896K), 5 survivors (5120K)
 Metaspace       used 151007K, committed 152192K, reserved 1187840K
  class space    used 19845K, committed 20416K, reserved 1048576K
}
Event: 1036.929 GC heap after
{Heap after GC invocations=73 (full 0):
 garbage-first heap   total 356352K, used 233988K [0x0000000080000000, 0x0000000100000000)
  region size 1024K, 10 young (10240K), 10 survivors (10240K)
 Metaspace       used 151007K, committed 152192K, reserved 1187840K
  class space    used 19845K, committed 20416K, reserved 1048576K
}
Event: 1037.204 GC heap before
{Heap before GC invocations=73 (full 0):
 garbage-first heap   total 356352K, used 297476K [0x0000000080000000, 0x0000000100000000)
  region size 1024K, 69 young (70656K), 10 survivors (10240K)
 Metaspace       used 154788K, committed 155968K, reserved 1187840K
  class space    used 20153K, committed 20736K, reserved 1048576K
}
Event: 1037.214 GC heap after
{Heap after GC invocations=74 (full 0):
 garbage-first heap   total 356352K, used 245155K [0x0000000080000000, 0x0000000100000000)
  region size 1024K, 8 young (8192K), 8 survivors (8192K)
 Metaspace       used 154788K, committed 155968K, reserved 1187840K
  class space    used 20153K, committed 20736K, reserved 1048576K
}
Event: 1037.370 GC heap before
{Heap before GC invocations=74 (full 0):
 garbage-first heap   total 356352K, used 264611K [0x0000000080000000, 0x0000000100000000)
  region size 1024K, 28 young (28672K), 8 survivors (8192K)
 Metaspace       used 157700K, committed 158848K, reserved 1187840K
  class space    used 20530K, committed 21120K, reserved 1048576K
}
Event: 1037.375 GC heap after
{Heap after GC invocations=75 (full 0):
 garbage-first heap   total 356352K, used 246766K [0x0000000080000000, 0x0000000100000000)
  region size 1024K, 2 young (2048K), 2 survivors (2048K)
 Metaspace       used 157700K, committed 158848K, reserved 1187840K
  class space    used 20530K, committed 21120K, reserved 1048576K
}
Event: 1037.752 GC heap before
{Heap before GC invocations=76 (full 0):
 garbage-first heap   total 408576K, used 279534K [0x0000000080000000, 0x0000000100000000)
  region size 1024K, 50 young (51200K), 2 survivors (2048K)
 Metaspace       used 160923K, committed 162048K, reserved 1196032K
  class space    used 20967K, committed 21504K, reserved 1048576K
}
Event: 1037.755 GC heap after
{Heap after GC invocations=77 (full 0):
 garbage-first heap   total 408576K, used 232015K [0x0000000080000000, 0x0000000100000000)
  region size 1024K, 4 young (4096K), 4 survivors (4096K)
 Metaspace       used 160923K, committed 162048K, reserved 1196032K
  class space    used 20967K, committed 21504K, reserved 1048576K
}
Event: 1037.799 GC heap before
{Heap before GC invocations=77 (full 0):
 garbage-first heap   total 408576K, used 247375K [0x0000000080000000, 0x0000000100000000)
  region size 1024K, 19 young (19456K), 4 survivors (4096K)
 Metaspace       used 160991K, committed 162176K, reserved 1196032K
  class space    used 20969K, committed 21568K, reserved 1048576K
}
Event: 1037.808 GC heap after
{Heap after GC invocations=78 (full 0):
 garbage-first heap   total 408576K, used 199643K [0x0000000080000000, 0x0000000100000000)
  region size 1024K, 1 young (1024K), 1 survivors (1024K)
 Metaspace       used 160991K, committed 162176K, reserved 1196032K
  class space    used 20969K, committed 21568K, reserved 1048576K
}
Event: 1037.937 GC heap before
{Heap before GC invocations=78 (full 0):
 garbage-first heap   total 408576K, used 218075K [0x0000000080000000, 0x0000000100000000)
  region size 1024K, 19 young (19456K), 1 survivors (1024K)
 Metaspace       used 162512K, committed 163648K, reserved 1196032K
  class space    used 21135K, committed 21696K, reserved 1048576K
}
Event: 1037.944 GC heap after
{Heap after GC invocations=79 (full 0):
 garbage-first heap   total 408576K, used 193810K [0x0000000080000000, 0x0000000100000000)
  region size 1024K, 2 young (2048K), 2 survivors (2048K)
 Metaspace       used 162512K, committed 163648K, reserved 1196032K
  class space    used 21135K, committed 21696K, reserved 1048576K
}
Event: 1038.441 GC heap before
{Heap before GC invocations=79 (full 0):
 garbage-first heap   total 408576K, used 334098K [0x0000000080000000, 0x0000000100000000)
  region size 1024K, 139 young (142336K), 2 survivors (2048K)
 Metaspace       used 163373K, committed 164480K, reserved 1196032K
  class space    used 21276K, committed 21824K, reserved 1048576K
}
Event: 1038.444 GC heap after
{Heap after GC invocations=80 (full 0):
 garbage-first heap   total 408576K, used 195954K [0x0000000080000000, 0x0000000100000000)
  region size 1024K, 4 young (4096K), 4 survivors (4096K)
 Metaspace       used 163373K, committed 164480K, reserved 1196032K
  class space    used 21276K, committed 21824K, reserved 1048576K
}
Event: 1060.325 GC heap before
{Heap before GC invocations=81 (full 0):
 garbage-first heap   total 408576K, used 338290K [0x0000000080000000, 0x0000000100000000)
  region size 1024K, 144 young (147456K), 4 survivors (4096K)
 Metaspace       used 163731K, committed 164928K, reserved 1196032K
  class space    used 21306K, committed 21888K, reserved 1048576K
}
Event: 1060.334 GC heap after
{Heap after GC invocations=82 (full 0):
 garbage-first heap   total 408576K, used 203486K [0x0000000080000000, 0x0000000100000000)
  region size 1024K, 13 young (13312K), 13 survivors (13312K)
 Metaspace       used 163731K, committed 164928K, reserved 1196032K
  class space    used 21306K, committed 21888K, reserved 1048576K
}
Event: 1060.367 GC heap before
{Heap before GC invocations=82 (full 0):
 garbage-first heap   total 408576K, used 209630K [0x0000000080000000, 0x0000000100000000)
  region size 1024K, 19 young (19456K), 13 survivors (13312K)
 Metaspace       used 163740K, committed 164928K, reserved 1196032K
  class space    used 21307K, committed 21888K, reserved 1048576K
}
Event: 1060.377 GC heap after
{Heap after GC invocations=83 (full 0):
 garbage-first heap   total 408576K, used 202209K [0x0000000080000000, 0x0000000100000000)
  region size 1024K, 3 young (3072K), 3 survivors (3072K)
 Metaspace       used 163740K, committed 164928K, reserved 1196032K
  class space    used 21307K, committed 21888K, reserved 1048576K
}
Event: 1078.226 GC heap before
{Heap before GC invocations=83 (full 0):
 garbage-first heap   total 408576K, used 337377K [0x0000000080000000, 0x0000000100000000)
  region size 1024K, 136 young (139264K), 3 survivors (3072K)
 Metaspace       used 164474K, committed 165952K, reserved 1196032K
  class space    used 21458K, committed 22208K, reserved 1048576K
}

Dll operation events (3 events):
Event: 0.017 Loaded shared library C:\Program Files\Android\Android Studio\jbr\bin\java.dll
Event: 0.179 Loaded shared library C:\Program Files\Android\Android Studio\jbr\bin\zip.dll
Event: 0.463 Loaded shared library C:\Program Files\Android\Android Studio\jbr\bin\verify.dll

Deoptimization events (20 events):
Event: 1060.100 Thread 0x00000222bec200d0 DEOPT PACKING pc=0x000002229f20e84e sp=0x0000004fcf6f9660
Event: 1060.100 Thread 0x00000222bec200d0 DEOPT UNPACKING pc=0x00000222a6157143 sp=0x0000004fcf6f8b28 mode 0
Event: 1060.149 Thread 0x00000222bec200d0 DEOPT PACKING pc=0x000002229ec032e1 sp=0x0000004fcf6f9350
Event: 1060.149 Thread 0x00000222bec200d0 DEOPT UNPACKING pc=0x00000222a6157143 sp=0x0000004fcf6f8800 mode 0
Event: 1060.187 Thread 0x00000222bec200d0 DEOPT PACKING pc=0x000002229ec032e1 sp=0x0000004fcf6f9500
Event: 1060.187 Thread 0x00000222bec200d0 DEOPT UNPACKING pc=0x00000222a6157143 sp=0x0000004fcf6f89a8 mode 0
Event: 1060.238 Thread 0x00000222bec200d0 DEOPT PACKING pc=0x000002229f726c08 sp=0x0000004fcf6f8f00
Event: 1060.238 Thread 0x00000222bec200d0 DEOPT UNPACKING pc=0x00000222a6157143 sp=0x0000004fcf6f83c0 mode 0
Event: 1060.238 Thread 0x00000222bec200d0 DEOPT PACKING pc=0x000002229f726c08 sp=0x0000004fcf6f8e70
Event: 1060.238 Thread 0x00000222bec200d0 DEOPT UNPACKING pc=0x00000222a6157143 sp=0x0000004fcf6f8340 mode 0
Event: 1060.630 Thread 0x00000222beaf47f0 Uncommon trap: trap_request=0xffffffde fr.pc=0x00000222a724752c relative=0x00000000000003ac
Event: 1060.630 Thread 0x00000222beaf47f0 Uncommon trap: reason=class_check action=maybe_recompile pc=0x00000222a724752c method=java.util.concurrent.ConcurrentHashMap.get(Ljava/lang/Object;)Ljava/lang/Object; @ 93 c2
Event: 1060.630 Thread 0x00000222beaf47f0 DEOPT PACKING pc=0x00000222a724752c sp=0x0000004fd52ff0b0
Event: 1060.630 Thread 0x00000222beaf47f0 DEOPT UNPACKING pc=0x00000222a61569a3 sp=0x0000004fd52fefa0 mode 2
Event: 1060.841 Thread 0x00000222bc8f6270 DEOPT PACKING pc=0x00000222a10b7b60 sp=0x0000004fd2dfa800
Event: 1060.841 Thread 0x00000222bc8f6270 DEOPT UNPACKING pc=0x00000222a6157143 sp=0x0000004fd2df9e78 mode 0
Event: 1061.342 Thread 0x00000222bc8f6270 Uncommon trap: trap_request=0xffffff45 fr.pc=0x00000222a6c05e7c relative=0x000000000000007c
Event: 1061.342 Thread 0x00000222bc8f6270 Uncommon trap: reason=unstable_if action=reinterpret pc=0x00000222a6c05e7c method=org.gradle.internal.fingerprint.impl.DefaultFileSystemLocationFingerprint.hashForType(Lorg/gradle/internal/file/FileType;Lorg/gradle/internal/hash/HashCode;)Lorg/gradle/inte
Event: 1061.342 Thread 0x00000222bc8f6270 DEOPT PACKING pc=0x00000222a6c05e7c sp=0x0000004fd2dfc850
Event: 1061.342 Thread 0x00000222bc8f6270 DEOPT UNPACKING pc=0x00000222a61569a3 sp=0x0000004fd2dfc7e0 mode 2

Classes unloaded (11 events):
Event: 1037.454 Thread 0x00000222b6c57a10 Unloading class 0x0000000100ec6c00 'java/lang/invoke/LambdaForm$DMH+0x0000000100ec6c00'
Event: 1037.454 Thread 0x00000222b6c57a10 Unloading class 0x0000000100ec6800 'java/lang/invoke/LambdaForm$DMH+0x0000000100ec6800'
Event: 1037.454 Thread 0x00000222b6c57a10 Unloading class 0x0000000100ec6400 'java/lang/invoke/LambdaForm$DMH+0x0000000100ec6400'
Event: 1037.454 Thread 0x00000222b6c57a10 Unloading class 0x0000000100ec6000 'java/lang/invoke/LambdaForm$DMH+0x0000000100ec6000'
Event: 1037.454 Thread 0x00000222b6c57a10 Unloading class 0x0000000100ec5c00 'java/lang/invoke/LambdaForm$DMH+0x0000000100ec5c00'
Event: 1037.454 Thread 0x00000222b6c57a10 Unloading class 0x0000000100ec5800 'java/lang/invoke/LambdaForm$DMH+0x0000000100ec5800'
Event: 1037.454 Thread 0x00000222b6c57a10 Unloading class 0x0000000100ec5000 'java/lang/invoke/LambdaForm$DMH+0x0000000100ec5000'
Event: 1037.454 Thread 0x00000222b6c57a10 Unloading class 0x0000000100ec5400 'java/lang/invoke/LambdaForm$DMH+0x0000000100ec5400'
Event: 1037.454 Thread 0x00000222b6c57a10 Unloading class 0x0000000100ec4400 'java/lang/invoke/LambdaForm$DMH+0x0000000100ec4400'
Event: 1037.454 Thread 0x00000222b6c57a10 Unloading class 0x0000000100ec4c00 'java/lang/invoke/LambdaForm$DMH+0x0000000100ec4c00'
Event: 1037.454 Thread 0x00000222b6c57a10 Unloading class 0x0000000100ec4800 'java/lang/invoke/LambdaForm$DMH+0x0000000100ec4800'

Classes redefined (0 events):
No events

Internal exceptions (20 events):
Event: 1060.066 Thread 0x00000222bec200d0 Exception <a 'sun/nio/fs/WindowsException'{0x0000000092acf660}> (0x0000000092acf660) 
thrown [s\src\hotspot\share\prims\jni.cpp, line 517]
Event: 1060.231 Thread 0x00000222bec200d0 Exception <a 'sun/nio/fs/WindowsException'{0x0000000091235eb0}> (0x0000000091235eb0) 
thrown [s\src\hotspot\share\prims\jni.cpp, line 517]
Event: 1060.235 Thread 0x00000222bec200d0 Exception <a 'sun/nio/fs/WindowsException'{0x00000000912ccf70}> (0x00000000912ccf70) 
thrown [s\src\hotspot\share\prims\jni.cpp, line 517]
Event: 1060.236 Thread 0x00000222bec200d0 Exception <a 'sun/nio/fs/WindowsException'{0x00000000912ce598}> (0x00000000912ce598) 
thrown [s\src\hotspot\share\prims\jni.cpp, line 517]
Event: 1060.236 Thread 0x00000222bec200d0 Exception <a 'sun/nio/fs/WindowsException'{0x00000000912cfc10}> (0x00000000912cfc10) 
thrown [s\src\hotspot\share\prims\jni.cpp, line 517]
Event: 1060.236 Thread 0x00000222bec200d0 Exception <a 'sun/nio/fs/WindowsException'{0x00000000912d1288}> (0x00000000912d1288) 
thrown [s\src\hotspot\share\prims\jni.cpp, line 517]
Event: 1060.324 Thread 0x00000222bc8f75b0 Exception <a 'sun/nio/fs/WindowsException'{0x0000000090583a28}> (0x0000000090583a28) 
thrown [s\src\hotspot\share\prims\jni.cpp, line 517]
Event: 1060.848 Thread 0x00000222beaf3e50 Exception <a 'java/lang/InterruptedException'{0x00000000943c4ed8}> (0x00000000943c4ed8) 
thrown [s\src\hotspot\share\runtime\objectMonitor.cpp, line 1648]
Event: 1060.868 Thread 0x00000222b6d98cf0 Exception <a 'sun/nio/fs/WindowsException'{0x0000000093f81750}> (0x0000000093f81750) 
thrown [s\src\hotspot\share\prims\jni.cpp, line 517]
Event: 1060.924 Thread 0x00000222bc8f9290 Exception <a 'sun/nio/fs/WindowsException'{0x0000000097a8b098}> (0x0000000097a8b098) 
thrown [s\src\hotspot\share\prims\jni.cpp, line 517]
Event: 1060.934 Thread 0x00000222bc8f9290 Exception <a 'sun/nio/fs/WindowsException'{0x0000000093321ec8}> (0x0000000093321ec8) 
thrown [s\src\hotspot\share\prims\jni.cpp, line 517]
Event: 1061.085 Thread 0x00000222c07064c0 Exception <a 'sun/nio/fs/WindowsException'{0x0000000092907c88}> (0x0000000092907c88) 
thrown [s\src\hotspot\share\prims\jni.cpp, line 517]
Event: 1061.115 Thread 0x00000222c07064c0 Exception <a 'sun/nio/fs/WindowsException'{0x000000009281d608}> (0x000000009281d608) 
thrown [s\src\hotspot\share\prims\jni.cpp, line 517]
Event: 1061.350 Thread 0x00000222bec200d0 Exception <a 'sun/nio/fs/WindowsException'{0x0000000092319988}> (0x0000000092319988) 
thrown [s\src\hotspot\share\prims\jni.cpp, line 517]
Event: 1061.351 Thread 0x00000222bec200d0 Exception <a 'sun/nio/fs/WindowsException'{0x0000000092319d58}> (0x0000000092319d58) 
thrown [s\src\hotspot\share\prims\jni.cpp, line 517]
Event: 1061.351 Thread 0x00000222bec200d0 Exception <a 'sun/nio/fs/WindowsException'{0x000000009231bc38}> (0x000000009231bc38) 
thrown [s\src\hotspot\share\prims\jni.cpp, line 517]
Event: 1078.152 Thread 0x00000222bec200d0 Exception <a 'sun/nio/fs/WindowsException'{0x00000000919fd470}> (0x00000000919fd470) 
thrown [s\src\hotspot\share\prims\jni.cpp, line 517]
Event: 1078.152 Thread 0x00000222bec200d0 Exception <a 'sun/nio/fs/WindowsException'{0x00000000919fe9c0}> (0x00000000919fe9c0) 
thrown [s\src\hotspot\share\prims\jni.cpp, line 517]
Event: 1078.153 Thread 0x00000222bec200d0 Exception <a 'sun/nio/fs/WindowsException'{0x000000009181bd48}> (0x000000009181bd48) 
thrown [s\src\hotspot\share\prims\jni.cpp, line 517]
Event: 1078.153 Thread 0x00000222bec200d0 Exception <a 'sun/nio/fs/WindowsException'{0x000000009181d288}> (0x000000009181d288) 
thrown [s\src\hotspot\share\prims\jni.cpp, line 517]

VM Operations (20 events):
Event: 1038.911 Executing VM operation: HandshakeAllThreads done
Event: 1039.911 Executing VM operation: Cleanup
Event: 1039.911 Executing VM operation: Cleanup done
Event: 1043.912 Executing VM operation: Cleanup
Event: 1043.913 Executing VM operation: Cleanup done
Event: 1053.918 Executing VM operation: Cleanup
Event: 1053.918 Executing VM operation: Cleanup done
Event: 1059.921 Executing VM operation: Cleanup
Event: 1059.921 Executing VM operation: Cleanup done
Event: 1060.210 Executing VM operation: ICBufferFull
Event: 1060.210 Executing VM operation: ICBufferFull done
Event: 1060.324 Executing VM operation: G1CollectForAllocation
Event: 1060.334 Executing VM operation: G1CollectForAllocation done
Event: 1060.367 Executing VM operation: G1CollectForAllocation
Event: 1060.377 Executing VM operation: G1CollectForAllocation done
Event: 1060.642 Executing VM operation: ICBufferFull
Event: 1060.642 Executing VM operation: ICBufferFull done
Event: 1061.642 Executing VM operation: Cleanup
Event: 1061.642 Executing VM operation: Cleanup done
Event: 1078.226 Executing VM operation: G1CollectForAllocation

Events (20 events):
Event: 1061.386 Thread 0x00000222b6d9a9d0 Thread exited: 0x00000222b6d9a9d0
Event: 1061.390 Thread 0x00000222b90b7090 Thread exited: 0x00000222b90b7090
Event: 1061.390 Thread 0x00000222b90b7a30 Thread exited: 0x00000222b90b7a30
Event: 1061.397 Thread 0x00000222b90b4070 Thread exited: 0x00000222b90b4070
Event: 1061.402 Thread 0x00000222b90b7560 Thread exited: 0x00000222b90b7560
Event: 1061.406 Thread 0x00000222b90b53b0 Thread exited: 0x00000222b90b53b0
Event: 1062.355 Thread 0x00000222c5a3a220 Thread exited: 0x00000222c5a3a220
Event: 1064.253 Thread 0x00000222b90c0d80 Thread exited: 0x00000222b90c0d80
Event: 1078.111 Thread 0x00000222ba65fa80 Thread added: 0x00000222ba65fa80
Event: 1078.113 Thread 0x00000222ba65ff50 Thread added: 0x00000222ba65ff50
Event: 1078.116 Thread 0x00000222c3010a50 Thread added: 0x00000222c3010a50
Event: 1078.116 Thread 0x00000222c3010580 Thread added: 0x00000222c3010580
Event: 1078.116 Thread 0x00000222c3010f20 Thread added: 0x00000222c3010f20
Event: 1078.139 Thread 0x00000222c30118c0 Thread added: 0x00000222c30118c0
Event: 1078.141 Thread 0x00000222c30100b0 Thread added: 0x00000222c30100b0
Event: 1078.145 Thread 0x00000222c323aca0 Thread added: 0x00000222c323aca0
Event: 1078.148 Thread 0x00000222c3239490 Thread added: 0x00000222c3239490
Event: 1078.171 Thread 0x00000222c323b640 Thread added: 0x00000222c323b640
Event: 1078.173 Thread 0x00000222bf2a2aa0 Thread added: 0x00000222bf2a2aa0
Event: 1078.190 Thread 0x00000222c3239e30 Thread added: 0x00000222c3239e30


Dynamic libraries:
0x00007ff60d560000 - 0x00007ff60d56a000 	C:\Program Files\Android\Android Studio\jbr\bin\java.exe
0x00007fff71170000 - 0x00007fff71368000 	C:\WINDOWS\SYSTEM32\ntdll.dll
0x00007fff6f5b0000 - 0x00007fff6f672000 	C:\WINDOWS\System32\KERNEL32.DLL
0x00007fff6e830000 - 0x00007fff6eb26000 	C:\WINDOWS\System32\KERNELBASE.dll
0x00007fff6f060000 - 0x00007fff6f160000 	C:\WINDOWS\System32\ucrtbase.dll
0x00007fff40830000 - 0x00007fff40847000 	C:\Program Files\Android\Android Studio\jbr\bin\jli.dll
0x00007fff6acb0000 - 0x00007fff6accb000 	C:\Program Files\Android\Android Studio\jbr\bin\VCRUNTIME140.dll
0x00007fff6f6c0000 - 0x00007fff6f861000 	C:\WINDOWS\System32\USER32.dll
0x00007fff6e800000 - 0x00007fff6e822000 	C:\WINDOWS\System32\win32u.dll
0x00007fff55500000 - 0x00007fff5579b000 	C:\WINDOWS\WinSxS\amd64_microsoft.windows.common-controls_6595b64144ccf1df_6.0.19041.6456_none_60b8a6cb71f64256\COMCTL32.dll
0x00007fff6f690000 - 0x00007fff6f6bb000 	C:\WINDOWS\System32\GDI32.dll
0x00007fff70750000 - 0x00007fff707ee000 	C:\WINDOWS\System32\msvcrt.dll
0x00007fff6eef0000 - 0x00007fff6f009000 	C:\WINDOWS\System32\gdi32full.dll
0x00007fff6ed10000 - 0x00007fff6edad000 	C:\WINDOWS\System32\msvcp_win.dll
0x00007fff6fa60000 - 0x00007fff6fa8f000 	C:\WINDOWS\System32\IMM32.DLL
0x00007fff6aca0000 - 0x00007fff6acac000 	C:\Program Files\Android\Android Studio\jbr\bin\vcruntime140_1.dll
0x00007fff3c090000 - 0x00007fff3c11d000 	C:\Program Files\Android\Android Studio\jbr\bin\msvcp140.dll
0x00007ffeb11d0000 - 0x00007ffeb1e3e000 	C:\Program Files\Android\Android Studio\jbr\bin\server\jvm.dll
0x00007fff6ffb0000 - 0x00007fff70061000 	C:\WINDOWS\System32\ADVAPI32.dll
0x00007fff6f8d0000 - 0x00007fff6f96f000 	C:\WINDOWS\System32\sechost.dll
0x00007fff70630000 - 0x00007fff70750000 	C:\WINDOWS\System32\RPCRT4.dll
0x00007fff6f160000 - 0x00007fff6f187000 	C:\WINDOWS\System32\bcrypt.dll
0x00007fff682a0000 - 0x00007fff682a9000 	C:\WINDOWS\SYSTEM32\WSOCK32.dll
0x00007fff56350000 - 0x00007fff56377000 	C:\WINDOWS\SYSTEM32\WINMM.dll
0x00007fff65fa0000 - 0x00007fff65faa000 	C:\WINDOWS\SYSTEM32\VERSION.dll
0x00007fff6f360000 - 0x00007fff6f3cb000 	C:\WINDOWS\System32\ws2_32.DLL
0x00007fff6d060000 - 0x00007fff6d072000 	C:\WINDOWS\SYSTEM32\kernel.appcore.dll
0x00007fff67800000 - 0x00007fff6780a000 	C:\Program Files\Android\Android Studio\jbr\bin\jimage.dll
0x00007fff6ce00000 - 0x00007fff6d001000 	C:\WINDOWS\SYSTEM32\DBGHELP.DLL
0x00007fff562b0000 - 0x00007fff562e4000 	C:\WINDOWS\SYSTEM32\dbgcore.DLL
0x00007fff6edb0000 - 0x00007fff6ee32000 	C:\WINDOWS\System32\bcryptPrimitives.dll
0x00007fff414a0000 - 0x00007fff414ae000 	C:\Program Files\Android\Android Studio\jbr\bin\instrument.dll
0x00007fff413b0000 - 0x00007fff413d5000 	C:\Program Files\Android\Android Studio\jbr\bin\java.dll
0x00007fff52cf0000 - 0x00007fff52d08000 	C:\Program Files\Android\Android Studio\jbr\bin\zip.dll
0x00007fff709c0000 - 0x00007fff71130000 	C:\WINDOWS\System32\SHELL32.dll
0x00007fff6c580000 - 0x00007fff6cd25000 	C:\WINDOWS\SYSTEM32\windows.storage.dll
0x00007fff702d0000 - 0x00007fff70624000 	C:\WINDOWS\System32\combase.dll
0x00007fff6e150000 - 0x00007fff6e17b000 	C:\WINDOWS\SYSTEM32\Wldp.dll
0x00007fff70070000 - 0x00007fff7013d000 	C:\WINDOWS\System32\OLEAUT32.dll
0x00007fff6ff00000 - 0x00007fff6ffad000 	C:\WINDOWS\System32\SHCORE.dll
0x00007fff70140000 - 0x00007fff7019b000 	C:\WINDOWS\System32\shlwapi.dll
0x00007fff6e730000 - 0x00007fff6e754000 	C:\WINDOWS\SYSTEM32\profapi.dll
0x00007fff457f0000 - 0x00007fff45809000 	C:\Program Files\Android\Android Studio\jbr\bin\net.dll
0x00007fff65670000 - 0x00007fff6577a000 	C:\WINDOWS\SYSTEM32\WINHTTP.dll
0x00007fff6deb0000 - 0x00007fff6df1a000 	C:\WINDOWS\system32\mswsock.dll
0x00007fff41390000 - 0x00007fff413a6000 	C:\Program Files\Android\Android Studio\jbr\bin\nio.dll
0x00007fff535c0000 - 0x00007fff535d0000 	C:\Program Files\Android\Android Studio\jbr\bin\verify.dll
0x00007fff1ae10000 - 0x00007fff1ae37000 	C:\Users\Jhon\.gradle\native\c067742578af261105cb4f569cf0c3c89f3d7b1fecec35dd04571415982c5e48\windows-amd64\native-platform.dll
0x00007fff137e0000 - 0x00007fff13924000 	C:\Users\Jhon\.gradle\native\38dada09dfb8b06ba9b0570ebf7e218e3eb74d4ef43ca46872605cf95ebc2f47\windows-amd64\native-platform-file-events.dll
0x00007fff4ecc0000 - 0x00007fff4ecc9000 	C:\Program Files\Android\Android Studio\jbr\bin\management.dll
0x00007fff41f10000 - 0x00007fff41f1b000 	C:\Program Files\Android\Android Studio\jbr\bin\management_ext.dll
0x00007fff6f680000 - 0x00007fff6f688000 	C:\WINDOWS\System32\PSAPI.DLL
0x00007fff6e0b0000 - 0x00007fff6e0c8000 	C:\WINDOWS\SYSTEM32\CRYPTSP.dll
0x00007fff6d7d0000 - 0x00007fff6d808000 	C:\WINDOWS\system32\rsaenh.dll
0x00007fff6e6f0000 - 0x00007fff6e71e000 	C:\WINDOWS\SYSTEM32\USERENV.dll
0x00007fff6e0a0000 - 0x00007fff6e0ac000 	C:\WINDOWS\SYSTEM32\CRYPTBASE.dll
0x00007fff6db90000 - 0x00007fff6dbcb000 	C:\WINDOWS\SYSTEM32\IPHLPAPI.DLL
0x00007fff6f4f0000 - 0x00007fff6f4f8000 	C:\WINDOWS\System32\NSI.dll
0x00007fff65f80000 - 0x00007fff65f97000 	C:\WINDOWS\SYSTEM32\dhcpcsvc6.DLL
0x00007fff66bf0000 - 0x00007fff66c0d000 	C:\WINDOWS\SYSTEM32\dhcpcsvc.DLL
0x00007fff6dbd0000 - 0x00007fff6dc9a000 	C:\WINDOWS\SYSTEM32\DNSAPI.dll
0x00007fff3d4c0000 - 0x00007fff3d4c7000 	C:\WINDOWS\system32\wshunix.dll
0x0000000053d10000 - 0x0000000053d36000 	C:\Program Files\Bonjour\mdnsNSP.dll
0x00007fff67350000 - 0x00007fff6735a000 	C:\Windows\System32\rasadhlp.dll
0x00007fff58050000 - 0x00007fff580d0000 	C:\WINDOWS\System32\fwpuclnt.dll
0x00007fff3bb40000 - 0x00007fff3bb57000 	C:\WINDOWS\system32\napinsp.dll
0x00007fff3bb20000 - 0x00007fff3bb3b000 	C:\WINDOWS\system32\pnrpnsp.dll
0x00007fff6aa60000 - 0x00007fff6aa7d000 	C:\WINDOWS\system32\NLAapi.dll
0x00007fff3bce0000 - 0x00007fff3bcf2000 	C:\WINDOWS\System32\winrnr.dll
0x00007fff6ad90000 - 0x00007fff6adad000 	C:\WINDOWS\system32\wshbth.dll
0x00007fff6da20000 - 0x00007fff6da53000 	C:\WINDOWS\SYSTEM32\ntmarta.dll
0x00007fff68480000 - 0x00007fff6849e000 	C:\Users\Jhon\AppData\Local\Temp\native-platform3157750391181961649dir\native-platform.dll
0x00007fff6ac90000 - 0x00007fff6ac97000 	C:\Program Files\Android\Android Studio\jbr\bin\rmi.dll

dbghelp: loaded successfully - version: 4.0.5 - missing functions: none
symbol engine: initialized successfully - sym options: 0x614 - pdb path: .;C:\Program Files\Android\Android Studio\jbr\bin;C:\WINDOWS\SYSTEM32;C:\WINDOWS\WinSxS\amd64_microsoft.windows.common-controls_6595b64144ccf1df_6.0.19041.6456_none_60b8a6cb71f64256;C:\Program Files\Android\Android Studio\jbr\bin\server;C:\Users\Jhon\.gradle\native\c067742578af261105cb4f569cf0c3c89f3d7b1fecec35dd04571415982c5e48\windows-amd64;C:\Users\Jhon\.gradle\native\38dada09dfb8b06ba9b0570ebf7e218e3eb74d4ef43ca46872605cf95ebc2f47\windows-amd64;C:\Program Files\Bonjour;C:\Users\Jhon\AppData\Local\Temp\native-platform3157750391181961649dir

VM Arguments:
jvm_args: --add-opens=java.base/java.util=ALL-UNNAMED --add-opens=java.base/java.lang=ALL-UNNAMED --add-opens=java.base/java.lang.invoke=ALL-UNNAMED --add-opens=java.prefs/java.util.prefs=ALL-UNNAMED --add-opens=java.base/java.nio.charset=ALL-UNNAMED --add-opens=java.base/java.net=ALL-UNNAMED --add-opens=java.base/java.util.concurrent.atomic=ALL-UNNAMED -Xmx2048m -Dfile.encoding=UTF-8 -Duser.country=ES -Duser.language=es -Duser.variant -javaagent:C:\Users\Jhon\.gradle\wrapper\dists\gradle-8.4-all\56r6xik2f6skrm47et0ibifug\gradle-8.4\lib\agents\gradle-instrumentation-agent-8.4.jar 
java_command: org.gradle.launcher.daemon.bootstrap.GradleDaemon 8.4
java_class_path (initial): C:\Users\Jhon\.gradle\wrapper\dists\gradle-8.4-all\56r6xik2f6skrm47et0ibifug\gradle-8.4\lib\gradle-launcher-8.4.jar
Launcher Type: SUN_STANDARD

[Global flags]
     intx CICompilerCount                          = 4                                         {product} {ergonomic}
     uint ConcGCThreads                            = 3                                         {product} {ergonomic}
     uint G1ConcRefinementThreads                  = 10                                        {product} {ergonomic}
   size_t G1HeapRegionSize                         = 1048576                                   {product} {ergonomic}
    uintx GCDrainStackTargetSize                   = 64                                        {product} {ergonomic}
   size_t InitialHeapSize                          = 266338304                                 {product} {ergonomic}
   size_t MarkStackSize                            = 4194304                                   {product} {ergonomic}
   size_t MaxHeapSize                              = 2147483648                                {product} {command line}
   size_t MaxNewSize                               = 1287651328                                {product} {ergonomic}
   size_t MinHeapDeltaBytes                        = 1048576                                   {product} {ergonomic}
   size_t MinHeapSize                              = 8388608                                   {product} {ergonomic}
    uintx NonNMethodCodeHeapSize                   = 5839372                                {pd product} {ergonomic}
    uintx NonProfiledCodeHeapSize                  = 122909434                              {pd product} {ergonomic}
    uintx ProfiledCodeHeapSize                     = 122909434                              {pd product} {ergonomic}
    uintx ReservedCodeCacheSize                    = 251658240                              {pd product} {ergonomic}
     bool SegmentedCodeCache                       = true                                      {product} {ergonomic}
   size_t SoftMaxHeapSize                          = 2147483648                             {manageable} {ergonomic}
     bool UseCompressedClassPointers               = true                           {product lp64_product} {ergonomic}
     bool UseCompressedOops                        = true                           {product lp64_product} {ergonomic}
     bool UseG1GC                                  = true                                      {product} {ergonomic}
     bool UseLargePagesIndividualAllocation        = false                                  {pd product} {ergonomic}

Logging:
Log output configuration:
 #0: stdout all=warning uptime,level,tags
 #1: stderr all=off uptime,level,tags

Environment Variables:
JAVA_HOME=C:\Program Files\Java\jdk-17
PATH=C:\WINDOWS\system32;C:\WINDOWS;C:\WINDOWS\System32\Wbem;C:\WINDOWS\System32\WindowsPowerShell\v1.0\;C:\WINDOWS\System32\OpenSSH\;C:\Program Files\Git\cmd;C:\Program Files\Java\jdk-17\bin;C:\Users\Jhon\AppData\Local\Microsoft\WindowsApps;
USERNAME=Jhon
OS=Windows_NT
PROCESSOR_IDENTIFIER=Intel64 Family 6 Model 165 Stepping 3, GenuineIntel
TMP=C:\Users\Jhon\AppData\Local\Temp
TEMP=C:\Users\Jhon\AppData\Local\Temp


JNI global refs:
JNI global refs: 28, weak refs: 4

JNI global refs memory usage: 843, weak refs: 841


---------------  S Y S T E M  ---------------

OS:
 Windows 10 , 64 bit Build 19041 (10.0.19041.5915)
OS uptime: 0 days 5:36 hours

CPU: total 12 (initial active 12) (6 cores per cpu, 2 threads per core) family 6 model 165 stepping 3 microcode 0xe0, cx8, cmov, fxsr, ht, mmx, 3dnowpref, sse, sse2, sse3, ssse3, sse4.1, sse4.2, popcnt, lzcnt, tsc, tscinvbit, avx, avx2, aes, erms, clmul, bmi1, bmi2, adx, fma, vzeroupper, clflush, clflushopt

Memory: 4k page, system-wide physical 16211M (2082M free)
TotalPageFile size 22293M (AvailPageFile size 232M)
current process WorkingSet (physical memory assigned to process): 799M, peak: 825M
current process commit charge ("private bytes"): 833M, peak: 1162M

vm_info: OpenJDK 64-Bit Server VM (17.0.6+0-b2043.56-10027231) for windows-amd64 JRE (17.0.6+0-b2043.56-10027231), built on Apr 28 2023 00:43:19 by "androidbuild" with MS VC++ 16.10 / 16.11 (VS2019)

END.
